dataset,split,image,width,height,polyp_area_percent,polyps_per_image,box_aspect_ratio_mean,brightness,contrast
Kvasir-SEG,train,cju0qoxqj9q6s0835b43399p4.jpg,1348,1070,27.059471976482985,1,0.9397905759162304,109.01997282231898,51.95287757450265
Kvasir-SEG,train,cju0qx73cjw570799j4n5cjze.jpg,619,529,31.88263282139923,1,0.6947162426614482,111.59601894634618,62.31096711440332
Kvasir-SEG,train,cju0rx1idathl0835detmsp84.jpg,617,528,7.276779136584648,1,0.8545454545454545,71.01043968862041,50.94576036974977
Kvasir-SEG,train,cju0s2a9ekvms080138tjjpxr.jpg,626,547,20.712162185840864,1,0.6595174262734584,106.2379052747779,42.68391142078072
Kvasir-SEG,train,cju0sxqiclckk08551ycbwhno.jpg,570,531,4.35061287871279,1,1.0364963503649636,75.53422539399345,61.52723068286518
Kvasir-SEG,train,cju0t4oil7vzk099370nun5h9.jpg,622,530,33.988958320694046,1,0.9,105.55989504337802,58.1912892382987
Kvasir-SEG,train,cju0tl3uz8blh0993wxvn7ly3.jpg,622,529,0.527294719758812,1,1.1458333333333333,110.64297436770221,70.4121372859108
Kvasir-SEG,train,cju0u82z3cuma0835wlxrnrjv.jpg,626,546,24.693091785743544,1,0.7159090909090909,105.90718440239208,61.22645101406449
Kvasir-SEG,train,cju0ue769mxii08019zqgdbxn.jpg,626,547,4.773933917797338,1,1.0192307692307692,110.2701345123853,60.32985046203965
Kvasir-SEG,train,cju0vtox5ain6099360pu62rp.jpg,622,531,4.454678123542912,1,1.0763888888888888,84.17069352856045,63.42773162874761
Kvasir-SEG,train,cju13cgqmnhwn0988yrainhcp.jpg,626,546,12.427880958232397,1,0.8455598455598455,104.1350337628293,59.249568310073336
Kvasir-SEG,train,cju13fwthn9mq0835gacxgy01.jpg,623,529,13.84634990760604,1,1.089430894308943,104.2205469601022,63.78328454066961
Kvasir-SEG,train,cju13hp5rnbjx0835bf0jowgx.jpg,622,531,10.654228810531606,1,0.9563318777292577,87.53473092690488,50.862581336998005
Kvasir-SEG,train,cju14g8o4xui30878gkgbrvqj.jpg,622,531,2.5802193277260037,1,0.8956521739130435,69.52492718343719,58.33739583118741
Kvasir-SEG,train,cju14pxbaoksp0835qzorx6g6.jpg,622,530,7.176788206030456,1,1.3311688311688312,91.61416004368137,60.03757960591305
Kvasir-SEG,train,cju15jr8jz8sb0855ukmkswkz.jpg,594,528,31.39252372206918,1,0.9226666666666666,106.54986098357311,72.7766684429298
Kvasir-SEG,train,cju15l5ubz9yh0855b3ivdpse.jpg,626,547,3.482544929940249,1,1.1818181818181819,94.91268376447775,64.74165138823587
Kvasir-SEG,train,cju15mhjczc8z0801kit5c6di.jpg,624,546,13.46858269935193,1,1.0443548387096775,108.18076688268997,67.83137997720485
Kvasir-SEG,train,cju15wdt3zla10801odjiw7sy.jpg,622,529,16.356469465532854,1,0.8996539792387543,118.92117931667467,50.22294646545923
Kvasir-SEG,train,cju16ach3m1da0993r1dq3sn2.jpg,616,528,26.65289256198347,1,1.017751479289941,114.6081851387249,63.548018774862776
Kvasir-SEG,train,cju16b6ynq8e40988m8vx0xnj.jpg,571,530,1.8431748339556555,1,1.0348837209302326,92.79372831510425,46.94569864296803
Kvasir-SEG,train,cju16fpvhzypl0799p9phnlx6.jpg,626,546,10.568584769862726,1,1.0565217391304347,102.3145648281431,63.39371262071527
Kvasir-SEG,train,cju16whaj0e7n0855q7b6cjkm.jpg,626,547,26.006798628592787,1,1.304945054945055,102.46971865125488,57.3781627702758
Kvasir-SEG,train,cju171py4qiha0835u8sl59ds.jpg,616,530,36.63716000980152,1,0.9785202863961814,94.65911847586376,71.86827734995371
Kvasir-SEG,train,cju175facms5f0993a5tjikvt.jpg,621,528,23.014870931537597,1,1.4327868852459016,94.93234580100523,75.46252164093902
Kvasir-SEG,train,cju17bz250pgd0799u1hqkj5u.jpg,626,547,9.05812126557289,1,0.6830188679245283,105.88041364164685,49.05182024886994
Kvasir-SEG,train,cju17g6ykn1cs0993dww6qdi8.jpg,605,510,31.399124939231893,1,1.072538860103627,98.10219413385188,74.22315910577242
Kvasir-SEG,train,cju17hw9hr9c5098800fu4u8e.jpg,623,528,2.4070966486696825,1,1.4352941176470588,117.31097390437279,47.55121325379792
Kvasir-SEG,train,cju17otoe119u0799nqcbl8n1.jpg,519,511,61.68795176634278,1,1.1103752759381897,112.52103812464887,78.02326504080325
Kvasir-SEG,train,cju17r8il13910799dr2wme2e.jpg,622,531,1.205636395565002,1,0.9342105263157895,93.98230602939306,56.80276818465074
Kvasir-SEG,train,cju17v6ih0u7808783zcbg1jy.jpg,622,528,35.08294358374744,1,0.7528089887640449,108.71384463607133,65.08340344107452
Kvasir-SEG,train,cju17x0j4nfc10993y31pvlgs.jpg,459,526,70.25646760605383,1,0.870722433460076,105.93770140079691,70.50614832111341
Kvasir-SEG,train,cju17z0qongpa0993de4boim4.jpg,622,529,5.080264285584036,1,0.93125,112.13558920246294,61.43319408573999
Kvasir-SEG,train,cju183od81ff608017ekzif89.jpg,622,511,15.256322323670252,2,1.1401163647076153,89.58178277257254,54.794513794832596
Kvasir-SEG,train,cju18849rrsgr0988p90hkygb.jpg,619,528,11.467359377294757,1,1.4055555555555554,97.17821082390954,67.72969349182746
Kvasir-SEG,train,cju18ibp219ub08783i6o98g7.jpg,615,528,1.8526730721852673,1,0.6666666666666666,74.13936622320769,50.66359044073263
Kvasir-SEG,train,cju18kevfrojc0835bn90f1in.jpg,621,528,5.3423730054164835,1,1.4965517241379311,114.9073464109696,55.74955803895629
Kvasir-SEG,train,cju1alwgo30z60855fm3y23sm.jpg,622,529,8.492332192634287,1,0.7410358565737052,98.78083686382728,67.24264519961275
Kvasir-SEG,train,cju1amqw6p8pw0993d9gc5crl.jpg,622,547,2.4477271524891693,1,1.5056179775280898,88.93660833426406,57.47230605034841
Kvasir-SEG,train,cju1aqqv02qwz0878a5cyhr67.jpg,626,547,5.602735805526514,1,0.9948453608247423,106.91084392942042,67.98969633962467
Kvasir-SEG,train,cju1ats0y372e08011yazcsxm.jpg,623,528,15.589583637336446,1,0.6,109.1229479789873,63.26051171312825
Kvasir-SEG,train,cju1b0y2e396p08558ois175d.jpg,626,546,4.037788622453159,1,0.808641975308642,90.32502720921251,55.72835003396393
Kvasir-SEG,train,cju1b3zgj3d8e0801kpolea6c.jpg,601,528,14.173662582564415,1,1.4274193548387097,111.57758218625523,67.3719076370168
Kvasir-SEG,train,cju1bhnfitmge0835ynls0l6b.jpg,622,531,8.191182080767344,1,1.4444444444444444,74.4092866096245,62.03184316331147
Kvasir-SEG,train,cju1c0qb4tzi308355wtsnp0y.jpg,622,530,34.90262694897773,1,1.1616161616161615,88.86240975550567,62.9246280295767
Kvasir-SEG,train,cju1c3218411b08014g9f6gig.jpg,626,546,15.89427611791829,1,2.1538461538461537,102.87961825182272,61.98317091731103
Kvasir-SEG,train,cju1c4fcu40hl07992b8gj0c8.jpg,626,546,5.439209352947373,1,1.0443037974683544,105.89706725649218,55.98103347742231
Kvasir-SEG,train,cju1c6yfz42md08550zgoz3pw.jpg,536,530,26.767107856941706,1,1.189964157706093,75.4607012109265,63.70628990212197
Kvasir-SEG,train,cju1cbokpuiw70988j4lq1fpi.jpg,615,529,4.21227350269722,1,0.7572254335260116,104.21075814160788,60.10182414082367
Kvasir-SEG,train,cju1cfhyg48bb0799cl5pr2jh.jpg,626,547,16.417169457569898,1,0.7546583850931677,117.53781883173394,53.428272922525686
Kvasir-SEG,train,cju1cvkfwqrec0993wbp1jlzm.jpg,622,531,4.21034146577773,1,1.0751879699248121,84.88692995682477,52.91211722404289
Kvasir-SEG,train,cju1cyjb5qtie0993njqne9m3.jpg,626,547,50.72337641857124,1,1.0353200883002207,111.03476704183727,64.15259701277812
Kvasir-SEG,train,cju1d31sp4d4k0878r3fr02ul.jpg,622,529,8.219111470407674,1,0.9947916666666666,111.3907937685009,63.24968598086254
Kvasir-SEG,train,cju1d50a94qf50855wsowacrc.jpg,622,530,6.060183219074198,1,1.1304347826086956,94.22455560274221,62.6211160349183
Kvasir-SEG,train,cju1d96gsv62d09881b3wecw2.jpg,622,528,25.277392088083406,1,0.8325471698113207,112.78111602357986,53.60457505533675
Kvasir-SEG,train,cju1ddr6p4k5z08780uuuzit2.jpg,570,531,3.175075164370436,1,0.5782312925170068,100.10088545280338,47.20369919303487
Kvasir-SEG,train,cju1dhfok4mhe0878jlgrag0h.jpg,626,546,6.101885335112172,1,0.7435897435897436,95.15771103231167,60.30506744642196
Kvasir-SEG,train,cju1dia8hvc6v098827mgffnm.jpg,616,528,4.244760920897284,1,0.9280575539568345,115.20819805194805,61.592024869206185
Kvasir-SEG,train,cju1djtprvd7b0988thwwrg09.jpg,590,529,5.9680881740412035,1,0.6584158415841584,104.21804492006024,78.89452341028338
Kvasir-SEG,train,cju1dnz61vfp40988e78bkjga.jpg,627,547,5.806647248002006,1,0.7188940092165899,105.03846120203283,54.929102703153006
Kvasir-SEG,train,cju1dq3x1vgx109889c7wyirg.jpg,617,513,10.824558244160736,1,0.7862903225806451,83.9360927079088,61.548128374300234
Kvasir-SEG,train,cju1efbr0rqxz09931z0lf4vf.jpg,622,529,6.004169731155672,1,0.9875776397515528,116.49597310948887,48.89857860163958
Kvasir-SEG,train,cju1egx9pvz2n0988eoy8jp23.jpg,622,529,1.5849233219263428,1,0.7741935483870968,89.59404992736401,68.42285965298889
Kvasir-SEG,train,cju1ejj7dvqfa0835ra184v5m.jpg,619,547,14.955713792074851,1,0.8666666666666667,87.97146721875527,68.17510107901734
Kvasir-SEG,train,cju1erep75us208553i4ofwwe.jpg,613,547,17.71221343767428,1,1.0298013245033113,71.93857940837015,64.19093830669674
Kvasir-SEG,train,cju1f15k3w4ct0835cmde6ypo.jpg,572,547,13.087597959627209,1,0.9357429718875502,77.26817286917836,62.7071758444674
Kvasir-SEG,train,cju1f320ewfyu0988ndz6blh5.jpg,571,530,10.87070019495754,1,1.431924882629108,75.10777186663583,62.95435332933375
Kvasir-SEG,train,cju1f79yhsb5w0993txub59ol.jpg,623,528,1.0734349919743178,1,1.0144927536231885,120.53729206187072,53.20766364015973
Kvasir-SEG,train,cju1f8w0t65en0799m9oacq0q.jpg,622,528,9.240110104258015,1,0.6690647482014388,113.05201939004189,55.642374748001295
Kvasir-SEG,train,cju1fb9236a110801yvg0fwju.jpg,626,547,31.66005688886812,1,0.7954070981210856,86.55111821086263,56.70867956907344
Kvasir-SEG,train,cju1fjsb4sipq09931lvd8e41.jpg,622,530,6.9532245343687435,1,1.1847133757961783,66.14805557240794,55.18498928364769
Kvasir-SEG,train,cju1fm3id6gl50801r3fok20c.jpg,622,531,2.6492512459050146,1,1.11,95.04903688363278,57.74918094266242
Kvasir-SEG,train,cju1fmsyf6gxb0801cimx2gle.jpg,570,531,7.944956553341924,1,1.1893491124260356,94.02352397000033,44.03904098898877
Kvasir-SEG,train,cju1ftaji6isw0855108yqcse.jpg,562,502,14.647105528065673,1,1.0807174887892377,90.2318944861125,61.47995061848139
Kvasir-SEG,train,cju1fuoa4wmc50835qfd11sp9.jpg,621,528,8.186331918215977,1,0.5038461538461538,101.31415605328648,43.52870699903461
Kvasir-SEG,train,cju1fyb1d69et0878muzdak9u.jpg,622,528,9.883805904706227,1,0.5678571428571428,115.28395084283348,60.460943847470176
Kvasir-SEG,train,cju1g4nsb6ngy0799l4ezm8ab.jpg,568,529,10.346388348997577,1,1.068062827225131,117.35148699379643,59.83438655030715
Kvasir-SEG,train,cju1gi7jlwyld0835cdf6g6qz.jpg,611,529,4.7200195533059635,1,1.150375939849624,114.18208397402381,68.31407763754463
Kvasir-SEG,train,cju1gkndf6yi10801o1qnje19.jpg,623,528,10.575356291648426,1,1.265,99.09773700082688,72.13356852224888
Kvasir-SEG,train,cju1h5w4wxajx0835mc954kxy.jpg,622,528,8.458174997564065,1,0.7148936170212766,100.35776271558024,68.784590380312
Kvasir-SEG,train,cju1h89h6xbnx08352k2790o9.jpg,570,531,8.395942775960616,1,0.989010989010989,96.0358178874682,44.772302449556456
Kvasir-SEG,train,cju1haab178i70799tk9z8y8x.jpg,525,531,10.371446507039728,1,0.9056603773584906,86.03564523361133,60.545243584007544
Kvasir-SEG,train,cju1hhj6mxfp90835n3wofrap.jpg,622,530,3.5667050900928228,1,0.5384615384615384,89.37655463204514,60.23036560121547
Kvasir-SEG,train,cju1hirfi7ekp0855q0vgm9qq.jpg,605,529,4.669655829648955,1,0.9315068493150684,114.2109265884485,57.20920820173101
Kvasir-SEG,train,cju1hp9i2xu8e0988u2dazk7m.jpg,490,531,12.834082785656637,1,1.0523809523809524,92.66811560782504,66.85063552910209
Kvasir-SEG,train,cju1hs0za7jha0855vj0mdrjt.jpg,571,531,17.473557145260074,1,0.8718861209964412,88.41828687900106,61.39242782071385
Kvasir-SEG,train,cju1hyolc7aqu0878rrkfn1lr.jpg,1348,1070,7.646426689592058,1,0.9694656488549618,128.37093998724313,54.49763671779149
Kvasir-SEG,train,cju2hfqnmhisa0993gpleeldd.jpg,621,530,1.881931151824507,2,0.7537462537462538,85.085133533862,55.45436219767634
Kvasir-SEG,train,cju2hgsptlfam0835o3b59h1o.jpg,530,528,2.468553459119497,1,0.8148148148148148,111.71008076043454,66.01107400236305
Kvasir-SEG,train,cju2hlm19vjjf0801o69qnber.jpg,570,530,14.835815954981793,1,0.8138686131386861,104.21635220125786,45.64920939626691
Kvasir-SEG,train,cju2hos57llxm08359g92p6jj.jpg,622,529,13.45893179511181,1,0.7561837455830389,120.83430181316443,63.77523964950752
Kvasir-SEG,train,cju2hqt33lmra0988fr5ijv8j.jpg,602,528,14.969986408939898,1,0.7254237288135593,105.98733388704319,66.96543420285508
Kvasir-SEG,train,cju2hugv9vget0799hhk7ksvg.jpg,613,529,1.6020254288771636,1,1.0493827160493827,121.91403337270296,75.55499697632511
Kvasir-SEG,train,cju2hw5gjlr5h0988so2qqres.jpg,621,530,19.546987512533043,1,0.9658703071672355,103.41857928478109,60.53515070720605
Kvasir-SEG,train,cju2hx006vidl0799igm81vmh.jpg,622,528,2.5458564747149954,1,1.0188679245283019,111.17015614342785,64.61782617010266
Kvasir-SEG,train,cju2i03ptvkiu0799xbbd4det.jpg,600,528,8.08901515151515,1,0.6859504132231405,98.39484848484848,67.1278915915173
Kvasir-SEG,train,cju2i3hzclw3o0988rrgh911i.jpg,598,531,31.100844623320672,1,0.9948186528497409,85.01610515906758,61.511583340180884
Kvasir-SEG,train,cju2iatlki5u309930zmgkv6h.jpg,621,522,24.02070569653445,1,0.7572115384615384,82.17915116515816,51.27653110881141
Kvasir-SEG,train,cju2igw4gvxds0878808qj398.jpg,626,546,43.87675689592623,1,0.8553113553113553,94.24805439501925,64.14345000177454
Kvasir-SEG,train,cju2ij9uiic2l09933ljiv6gm.jpg,617,530,3.6420904559493597,1,1.6311475409836065,101.05883306320908,65.43414825532187
Kvasir-SEG,train,cju2lcyfgkf5809932fn9gucn.jpg,571,530,6.364867990615604,1,1.1904761904761905,98.02899580345637,52.990597890862325
Kvasir-SEG,train,cju2lejzcy4pc0878c9rlonot.jpg,571,530,21.76089614380597,1,1.2777777777777777,95.48756236989063,45.02000666571416
Kvasir-SEG,train,cju2lyynuymli0855g7fxgbhe.jpg,612,519,4.5436800282091,1,0.9102564102564102,91.82198987494806,60.88789650303399
Kvasir-SEG,train,cju2lz8vqktne0993fuym6drw.jpg,613,531,5.935736383382027,1,1.0949367088607596,96.0223776739385,56.513893117819634
Kvasir-SEG,train,cju2m56cryvqd0801gtn2yp8t.jpg,616,546,3.9885709528566666,1,0.9285714285714286,82.05421958993388,48.92043385383919
Kvasir-SEG,train,cju2m71z2ywwv080131bcrsd3.jpg,570,531,8.903426173720554,1,0.8990384615384616,100.13399742293588,41.7564480418619
Kvasir-SEG,train,cju2ma647l0nj0993ot4deq2q.jpg,621,547,12.820331658261871,2,1.1726951421266356,97.61302316544348,61.856460166902714
Kvasir-SEG,train,cju2mfjndoz700988b9lc3zeq.jpg,622,531,9.561526210934899,1,0.9547511312217195,91.36580558431885,62.21352321564805
Kvasir-SEG,train,cju2mh8t6p07008350e01tx2a.jpg,588,528,6.225198412698413,1,0.8685714285714285,96.91966862502576,59.44186184086858
Kvasir-SEG,train,cju2nd7l7z98o0799gfjvyfmw.jpg,1348,1070,18.551332538339942,1,1.087360594795539,120.00898458082587,46.339620002662876
Kvasir-SEG,train,cju2nfnvxzdkd0878399axlco.jpg,598,546,12.118845480049494,1,1.55,82.21023680889901,64.45398448747024
Kvasir-SEG,train,cju2nnqrqzp580855z8mhzgd6.jpg,569,518,57.74643586594378,1,1.2033898305084745,85.25900278887977,58.55443544226408
Kvasir-SEG,train,cju2nqapmzvk20801f9us40dx.jpg,626,547,13.244476114268359,2,1.0611448968799577,97.81236602788373,53.96585595260339
Kvasir-SEG,train,cju2ntxtdzlvu0799xl3j9pan.jpg,626,547,2.691123817978985,1,1.4519230769230769,82.65343056228863,69.17392578811476
Kvasir-SEG,train,cju2omjpeqj5a0988pjdlb8l1.jpg,566,530,26.199079938662578,1,0.8620689655172413,100.06021401426761,59.23623395587438
Kvasir-SEG,train,cju2oq5570avm079959o20op1.jpg,626,547,19.853280455110944,1,1.8202764976958525,105.12772543820198,62.943282141918935
Kvasir-SEG,train,cju2osuru0ki00855txo0n3uu.jpg,594,528,17.59036067748189,1,0.9607142857142857,106.12959136822774,72.9265020453308
Kvasir-SEG,train,cju2otvvv0l7z0855x7we8cb0.jpg,571,531,7.307363761992869,1,1.197674418604651,100.50896929759466,46.368408926774244
Kvasir-SEG,train,cju2ouil2mssu0993hvxsed6d.jpg,605,511,3.022432113341204,1,0.9827586206896551,102.97660073425952,62.96264128694598
Kvasir-SEG,train,cju2p0eveqtdc0835gpi3p93i.jpg,622,528,11.042397447140212,1,0.9183673469387755,78.87134914255091,63.607765122073346
Kvasir-SEG,train,cju2p91qir00k08350ddfif0w.jpg,1348,1070,5.0933192822873625,1,1.6145038167938932,103.1902361407693,54.30170650657593
Kvasir-SEG,train,cju2pag1f0s4r0878h52uq83s.jpg,570,530,5.385302879841112,1,0.9113924050632911,85.05369745117511,47.03225705802369
Kvasir-SEG,train,cju2phaksnahz0993yxogjcpv.jpg,622,528,4.769560557341908,1,0.7142857142857143,97.65001400662574,54.38163199561573
Kvasir-SEG,train,cju2pjb9v0ywn0878j5g5n69j.jpg,622,529,8.960059324454926,1,0.7532467532467533,113.0178793938694,60.75738794128499
Kvasir-SEG,train,cju2pkwt3r8b90988v2ywq1px.jpg,622,530,6.499423648607657,1,1.1411042944785277,91.01142085785355,56.250022979913204
Kvasir-SEG,train,cju2pmhtr17a00855cvpelzb0.jpg,622,530,10.166535218103501,1,0.9907407407407407,98.30182309045684,56.877679166628425
Kvasir-SEG,train,cju2qfie4rvz508357kad9z5o.jpg,622,529,10.3094475410135,1,0.5755627009646302,116.06074982220899,51.970665754741006
Kvasir-SEG,train,cju2qh5le1ock0878oahaql7d.jpg,622,530,14.17339076624401,1,0.7946127946127947,109.25278468725354,64.01485401049894
Kvasir-SEG,train,cju2qn2fzs1vy0988l243cvzy.jpg,597,547,20.701619002997926,1,1.0511182108626198,93.8030616213303,61.18705137414168
Kvasir-SEG,train,cju2qozsk20cq0855ugrg3cri.jpg,626,546,10.51884749967817,1,0.7857142857142857,98.65806504464652,57.62296961017505
Kvasir-SEG,train,cju2qqn5ys4uo0988ewrt2ip2.jpg,626,546,51.36601949700991,1,0.9709302325581395,65.67358014722232,41.26759307862789
Kvasir-SEG,train,cju2qs32r1vys07999conmbvx.jpg,622,528,1.6363392770145182,1,0.7549019607843137,108.73381016759232,61.01379318036355
Kvasir-SEG,train,cju2qtee81yd708787bsjr75d.jpg,511,530,11.11065982350552,1,1.1295336787564767,94.49401838791862,61.107889689994536
Kvasir-SEG,train,cju2qu37qobl50993aw7ghcfq.jpg,543,528,4.582077682906412,1,1.2419354838709677,73.2461842178693,42.83710711424747
Kvasir-SEG,train,cju2qvuj1s9ok0835tp2k4ozh.jpg,605,531,31.05072294594637,1,0.9486552567237164,74.66831644643663,59.39629767073101
Kvasir-SEG,train,cju2qxxko229x08786gvxxhur.jpg,484,530,36.06580383595821,1,0.8248175182481752,67.50967176048651,43.03363253069269
Kvasir-SEG,train,cju2qz06823a40878ojcz9ccx.jpg,603,530,10.744078350386433,1,1.2413793103448276,94.67695797740855,56.05702726476149
Kvasir-SEG,train,cju2r2obh2bjm08553kng0rh7.jpg,474,458,20.26421977779006,1,1.0510638297872341,76.24936432480239,49.051505097154305
Kvasir-SEG,train,cju2r7h21sj9608354gzks3ae.jpg,614,530,3.3154077807141538,1,1.4123711340206186,96.78319095322968,54.989737932644395
Kvasir-SEG,train,cju2r91dg2k090801bh0xzbxk.jpg,1348,1070,4.688565961341135,1,1.1875,115.4772997032641,49.87381197096932
Kvasir-SEG,train,cju2raxlosl630988jdbfy9b0.jpg,557,528,32.865118872749036,1,1.5150501672240804,104.22383847451172,66.33149274839985
Kvasir-SEG,train,cju2rga4psq9n09881z519xx0.jpg,622,529,5.474747597541925,1,1.125,102.06181960746176,68.70446095016814
Kvasir-SEG,train,cju2ricdv2iys0878sv1adh0u.jpg,616,530,74.4949154618966,1,1.0452830188679245,98.12160622396472,49.69752486955522
Kvasir-SEG,train,cju2rkjfwoxys0993x768l1j2.jpg,597,401,27.740113702343805,1,1.4640287769784173,87.8205031809087,63.407679336539175
Kvasir-SEG,train,cju2rmd2rsw9g09888hh1efu0.jpg,570,531,0.691181815178247,1,0.8620689655172413,89.50824990914197,54.168699837562755
Kvasir-SEG,train,cju2rnkt22xep0801as160g9t.jpg,558,454,3.084095179448313,2,0.9676484789956543,96.62833751756588,67.50672594271894
Kvasir-SEG,train,cju2ro5jqsy680988pi6qsujw.jpg,622,531,21.652708897245386,1,0.8367346938775511,100.80603847621124,54.77728170897574
Kvasir-SEG,train,cju2rpa30t07b0835im0erql0.jpg,621,529,10.024078487956189,1,0.6842105263157895,116.69679673920653,61.04880498458059
Kvasir-SEG,train,cju2rqo702wpx0855fn7d5cxh.jpg,621,529,2.907987300195733,1,1.0175438596491229,108.18872542304777,67.32278610334531
Kvasir-SEG,train,cju2rxm8rpbaf0993o3qr2oph.jpg,571,531,4.441937856405486,1,0.40384615384615385,75.19048749839216,63.12672922002852
Kvasir-SEG,train,cju2rz4k434s70855wwx3ddtx.jpg,612,530,15.139351338019486,2,0.8686898963407019,90.46151806634603,62.590297470860165
Kvasir-SEG,train,cju2rzpsmtb0f0835jabkbao1.jpg,528,528,3.0417814508723597,1,1.02803738317757,121.14378156565657,67.29505660645354
Kvasir-SEG,train,cju2s16zp317h0799gr67jqc2.jpg,622,531,28.4871715685384,1,1.3782894736842106,94.5760229137525,61.45184196997887
Kvasir-SEG,train,cju2s9g11pnra0993gn4eh793.jpg,622,530,47.37972456470303,1,1.0276595744680852,86.04030212946672,61.70261609573798
Kvasir-SEG,train,cju2sggy13na70855tbeoqgha.jpg,559,530,25.29449488642117,1,0.6394557823129252,103.26641576939953,53.995331088090104
Kvasir-SEG,train,cju2sszfq3uye0878sucelzk2.jpg,622,531,61.683349380226595,1,0.9784735812133072,95.18868724302263,51.54681444234568
Kvasir-SEG,train,cju2suk42469908015ngmq6f2.jpg,609,528,9.426158133054685,1,1.3121387283236994,118.90081853012887,63.252692661274
Kvasir-SEG,train,cju2t2ivz43i10878zeg8r1br.jpg,607,528,3.570715391143727,1,0.7832167832167832,117.97388110928061,55.725438127184965
Kvasir-SEG,train,cju2t3ibkuecr0835o7si16zv.jpg,613,530,3.8197543784049985,1,1.0390625,99.34013050570962,64.36831154504267
Kvasir-SEG,train,cju2t9tdwuk700835kv0ljmtl.jpg,605,473,16.295493858438313,1,0.9581881533101045,91.42398266734227,63.72756528817213
Kvasir-SEG,train,cju2tjrog4jy30878pawyazqc.jpg,622,530,11.739974519201601,1,0.8268551236749117,84.96529757932416,52.18769679523676
Kvasir-SEG,train,cju2top2ruxxy0988p1svx36g.jpg,570,530,20.291294273419396,1,0.8757575757575757,76.43251572327044,53.94317965146717
Kvasir-SEG,train,cju2trtjf4qjd0878a2zle9v9.jpg,598,528,2.8776477146042363,1,0.5793103448275863,63.93038980946589,44.45149242284438
Kvasir-SEG,train,cju2tvrvm53ws0801a0jfjdxg.jpg,568,531,13.244675207554177,1,2.533333333333333,96.76797034561417,66.8142820475184
Kvasir-SEG,train,cju2tzypl4wss0799ow05oxb9.jpg,622,531,27.257918990438473,1,1.0117302052785924,83.89818094840167,64.11552067875033
Kvasir-SEG,train,cju2u2b9o4zvp08788qb9nqxj.jpg,564,527,24.13433458489779,1,0.8666666666666667,71.25692734197317,49.52718216908941
Kvasir-SEG,train,cju2u4pymvc720988wsxrmi84.jpg,541,530,31.164510166358596,1,0.5756302521008403,86.90912356572385,66.09286938894607
Kvasir-SEG,train,cju2u73dj53oz0878486k8k4b.jpg,524,529,13.960158155240334,1,0.9822222222222222,114.64981817919451,68.42056507698251
Kvasir-SEG,train,cju2ulk385h170799rlklxob0.jpg,596,528,32.2989754931869,1,0.9154228855721394,104.33212261033151,66.09176764025702
Kvasir-SEG,train,cju2urqpwvxw70835rvndvtsi.jpg,626,474,3.141303029077527,1,1.3979591836734695,69.35482468556638,42.39850801501082
Kvasir-SEG,train,cju2uy8ox62jo0801g88hh42z.jpg,622,528,6.399201013348923,1,1.0054054054054054,115.74133111663257,53.90698126555133
Kvasir-SEG,train,cju2wtwj87kys0855kx6mddzw.jpg,626,547,41.14250836686895,1,0.7948717948717948,64.81865651155591,54.060318723145244
Kvasir-SEG,train,cju2wxv0hxs2f09884w48v8fi.jpg,622,529,1.7077054929825735,1,0.7169811320754716,111.0717060035619,58.30403231196404
Kvasir-SEG,train,cju2wzu8wxtgu09880ku9x1pg.jpg,622,529,15.91700654635635,1,1.6650943396226414,112.89196080695847,59.67085629910842
Kvasir-SEG,train,cju2x7vw87mu30878hye2ca0m.jpg,1348,1070,20.242380542998976,1,1.7338403041825095,106.68570329182728,52.68248186590533
Kvasir-SEG,train,cju2xbk0080y80801eghyddi2.jpg,621,529,7.435412728418401,1,0.8823529411764706,110.91072999522083,58.29626396801106
Kvasir-SEG,train,cju2xd75m82720801q4s4ik3n.jpg,1220,1011,11.193753952424965,1,1.1132530120481927,132.4009623648068,55.23986230131472
Kvasir-SEG,train,cju2xf8e5y2wm08359vcgk09b.jpg,571,530,35.17496613025807,1,0.805,83.630225027261,62.14746986705813
Kvasir-SEG,train,cju2xjz2ju8pe0993ysv9wg17.jpg,593,530,15.500334086353368,1,0.977859778597786,92.02488784243852,62.35461533675923
Kvasir-SEG,train,cju2xlcqxy9c60988vjacdznb.jpg,621,529,18.71516457692179,1,1.4157303370786516,107.59370367326314,57.01366141923655
Kvasir-SEG,train,cju2xs6na81t20878pt6nkfip.jpg,570,531,23.547427891763306,1,0.9002849002849003,97.73347870618166,46.950092206789364
Kvasir-SEG,train,cju2xwm1s84l50799i60mq0pu.jpg,626,547,4.621198404308134,1,1.1172413793103448,93.85449825069651,48.02535065184389
Kvasir-SEG,train,cju2xyd9vyi7m098831qcucse.jpg,622,528,22.282105622137777,1,0.6159600997506235,114.22535442852967,55.25597249917389
Kvasir-SEG,train,cju2y0z6g87p10878fpk5d3rq.jpg,554,530,23.395545262584292,1,1.0963455149501662,80.20264968326408,59.66930613593025
Kvasir-SEG,train,cju2y26c588bo07993ksd8eoz.jpg,621,530,7.353629265032054,1,0.9680851063829787,109.81021784705132,51.227316092176636
Kvasir-SEG,train,cju2y40d8ulqo0993q0adtgtb.jpg,617,529,13.328717221263936,1,1.0865800865800865,105.00274822070327,75.03854691652874
Kvasir-SEG,train,cju2ycp1u8g2r0799jslnp7cz.jpg,617,531,10.197267014012887,1,0.8299595141700404,108.49945517310844,62.415454001446186
Kvasir-SEG,train,cju2yljr0yzhw0988ecf271ly.jpg,1220,1009,22.63773578774635,1,1.1840277777777777,113.36652829452956,55.54158573167623
Kvasir-SEG,train,cju2ysg748ru80878sp6j0gm0.jpg,572,547,30.491811661829942,1,0.6673819742489271,76.62400442336457,65.133483454611
Kvasir-SEG,train,cju2yv4imv6cz099314jveiib.jpg,621,529,11.003351506351425,1,1.2091836734693877,92.20702629151712,53.986526850582635
Kvasir-SEG,train,cju2yw4s7z7p20988lmf2gdgd.jpg,571,530,7.706770644020751,1,0.8041237113402062,98.63523774906652,49.45102354236813
Kvasir-SEG,train,cju2yyhsp933j0855hp32e012.jpg,593,435,19.955030916245082,1,0.6708860759493671,104.36421856525362,68.17786118173036
Kvasir-SEG,train,cju2z2x3nvd3c099350zgty7w.jpg,553,530,6.556689071616227,1,0.6432160804020101,96.1585008018015,70.24378268759261
Kvasir-SEG,train,cju2z45kuzf6d0988nz2c819m.jpg,562,529,3.4473827607316565,1,0.7575757575757576,115.83561611581645,69.86296743036105
Kvasir-SEG,train,cju2zblxw9848087853csbrx1.jpg,586,530,9.250434670616265,1,0.771551724137931,94.80898641251851,59.80482129291416
Kvasir-SEG,train,cju2zdhsczmn50988z64qwg2q.jpg,598,530,13.967627942197261,2,0.9155950982037939,90.53760648703225,67.88357981728811
Kvasir-SEG,train,cju2zdvjn9h7r08553cp4eed5.jpg,401,415,6.172520505964005,1,1.0258620689655173,80.27614097286903,49.95949085913528
Kvasir-SEG,train,cju2zgbj9zmrw0835nnlzxj4c.jpg,623,528,31.02959774308089,1,1.1108179419525066,97.19493591614378,61.89808419293333
Kvasir-SEG,train,cju2zi4l09f5807991s8do2b2.jpg,622,530,10.161075047018139,1,1.4195402298850575,95.94477340289995,58.176138136072495
Kvasir-SEG,train,cju2zjcvj9qma0801dk71hhi0.jpg,622,528,36.877618630030206,2,0.5968567251461989,91.41526295917373,69.28385811826594
Kvasir-SEG,train,cju2zkpdl9h7t0799ix60teqg.jpg,611,528,4.6486757922928135,1,0.5913978494623656,108.90536192530874,66.97392228654319
Kvasir-SEG,train,cju2zm0axztpe0988r8s9twjr.jpg,623,528,7.0294639817111735,1,0.7255813953488373,106.19490247580136,55.62612939528089
Kvasir-SEG,train,cju2zo0fwzv580988qlijd2xa.jpg,616,530,8.244302866944377,2,0.7118952271984309,108.32496630727763,58.65578541806751
Kvasir-SEG,train,cju2zp89k9q1g0855k1x0f1xa.jpg,622,530,2.6894376023782076,1,1.0943396226415094,81.47390038221198,60.48958440215713
Kvasir-SEG,train,cju2zr3c3vwb00993jn06bbaz.jpg,575,531,5.145664455907639,1,0.9536423841059603,93.47957422418735,61.90585805868443
Kvasir-SEG,train,cju2zrojo9kcd0878ld2epejq.jpg,621,531,4.314467583115745,1,0.5957446808510638,103.65882135308156,58.48369276144398
Kvasir-SEG,train,cju2zwg05a0oy0801yr73ig7g.jpg,599,531,11.755625351731856,1,0.5205047318611987,93.33414133411304,64.82279278856002
Kvasir-SEG,train,cju2zy1e49pqk0878t6ncqn12.jpg,622,529,3.248257040220279,1,1.2522522522522523,90.2555175997909,57.4035727971918
Kvasir-SEG,train,cju300m3s04fg0988uzupuf7z.jpg,622,529,17.21594466292647,1,1.6320754716981132,120.413563175074,59.92346841264287
Kvasir-SEG,train,cju302fqq9spc0878rrygyzzz.jpg,592,528,22.145654176904177,1,0.7212643678160919,102.44932752354627,68.42769897168057
Kvasir-SEG,train,cju303j5r062k098835zxfds5.jpg,626,546,8.248194829664477,1,1.1955307262569832,94.57891841917402,65.8236303157579
Kvasir-SEG,train,cju306x7w05nb0835cunv799x.jpg,626,546,15.900127561469416,1,1.054263565891473,116.68130112698803,42.10526915827696
Kvasir-SEG,train,cju30ajhw09sx0988qyahx9s8.jpg,622,530,28.27155250864527,2,0.7199025231061844,106.67857186191834,53.27771835205752
Kvasir-SEG,train,cju30bmab08bi0835mvlr6e0r.jpg,622,530,9.775829642662137,1,1.2486486486486486,70.52713098343749,67.96125244453829
Kvasir-SEG,train,cju30df2j09dd08351ayx2t6w.jpg,622,530,11.113571558575503,1,0.9068825910931174,99.05079172480738,55.88755507210556
Kvasir-SEG,train,cju30ftgja7170855xl9bkdm0.jpg,595,531,29.333903052746525,1,0.8634146341463415,100.52017281488867,57.58365397800345
Kvasir-SEG,train,cju30gxjq0djk0988jytm49rs.jpg,622,530,8.027664866832493,1,0.9393939393939394,87.13457198325547,60.15695267073737
Kvasir-SEG,train,cju30ia8da2bq0799klnehml2.jpg,571,531,44.36199089053136,1,0.8512241054613936,89.81074270863223,60.7837334864525
Kvasir-SEG,train,cju30j1rgadut0801vuyrsnt8.jpg,570,530,2.445878848063555,1,0.7777777777777778,100.75382654750082,49.048788960910954
Kvasir-SEG,train,cju30lncba3ny0878jwnous8n.jpg,570,530,6.883151274412446,1,1.125,103.44625620655412,45.46996755085385
Kvasir-SEG,train,cju30mm25a53s0799qa5wiqe8.jpg,622,529,2.465672657869304,1,1.4939759036144578,118.62790316012132,57.589140613161995
Kvasir-SEG,train,cju30nyxe0gfb0835p256yoju.jpg,622,530,50.871200630953105,1,1.1409395973154361,94.34640842079719,60.422336532446295
Kvasir-SEG,train,cju30ov1oah920801mi8thuyg.jpg,571,530,3.127911971714635,1,0.6231884057971014,96.4015563559462,53.70205605001972
Kvasir-SEG,train,cju30u1hbakn808019g15nb8b.jpg,510,528,7.102644087938205,1,0.9152542372881356,100.56179070112894,77.52780886716761
Kvasir-SEG,train,cju30xqmh0ni00835ix3batv1.jpg,622,529,20.257842559218084,1,0.8126721763085399,113.50285985205356,60.345119457707206
Kvasir-SEG,train,cju3128yi0rpu0988o4oo5n8n.jpg,622,531,4.055322421445916,1,0.7692307692307693,105.00605845913492,55.425270081710416
Kvasir-SEG,train,cju31rb7vb6110801p9rhacuw.jpg,622,530,5.22781047139477,1,0.8579881656804734,109.27157677607232,60.563886002083244
Kvasir-SEG,train,cju31t8xd17bk0835rnb893jk.jpg,622,529,0.5786565685422352,2,1.4427027027027028,113.01725940468882,61.945778976569024
Kvasir-SEG,train,cju31ugmfb3dz0855xtqshki6.jpg,612,544,8.139898116109189,1,1.1355932203389831,84.96842860918878,55.78357522688634
Kvasir-SEG,train,cju31w6goazci0799n014ly1q.jpg,627,547,12.59005915986576,1,0.6024844720496895,121.81959302444244,54.207529617028136
Kvasir-SEG,train,cju31y80qbawn0801twwm2l5s.jpg,569,495,18.966821110933587,1,1.00711743772242,67.69602882959649,69.42356681379897
Kvasir-SEG,train,cju320gyvbch60801v2amdi2g.jpg,616,503,20.753401667914588,1,0.8582887700534759,71.00290465002195,41.701916369665874
Kvasir-SEG,train,cju326h4v1gxw08352px40p7r.jpg,616,528,38.582251082251084,1,1.0,105.33351780794963,60.688941755472484
Kvasir-SEG,train,cju3280wv1ir009882jze27tc.jpg,571,530,14.636685060965535,1,1.0291666666666666,96.74253048276773,47.62943763867205
Kvasir-SEG,train,cju32a52lb9rc0799xi40qs00.jpg,621,529,35.3609794556618,3,0.748444023864519,97.11859644636829,66.02124357715037
Kvasir-SEG,train,cju32csyfblyh080170aa3x5p.jpg,626,547,12.018795521315804,1,1.180952380952381,93.47233530555864,58.30331219640478
Kvasir-SEG,train,cju32fhnhbds40799broyoptc.jpg,621,530,5.101327742837177,1,0.6197916666666666,89.29588916233708,62.798317616508726
Kvasir-SEG,train,cju32jcdabepz0878d0cznmfe.jpg,622,530,14.123642540799612,1,0.8357664233576643,91.90615179275618,59.07749943015009
Kvasir-SEG,train,cju32l161bi1v07990vm376in.jpg,622,529,3.2160419161312674,1,0.5095541401273885,116.00662233541415,51.75930844675256
Kvasir-SEG,train,cju32phw2bv130801yj7bkouq.jpg,626,547,56.19673969546349,1,1.103448275862069,98.26535386160936,64.0664411018591
Kvasir-SEG,train,cju32pzh9bpw10855q4vaxfhe.jpg,621,546,5.5004040511286885,1,0.9333333333333333,99.2976677107112,64.14182723172254
Kvasir-SEG,train,cju32qr9tbvsj08013pkpjenq.jpg,615,546,6.66845349772179,1,0.8717948717948718,102.97258703356265,57.396231869445174
Kvasir-SEG,train,cju32upim1z7u0988l883nqp6.jpg,570,479,13.43039226458631,1,1.0265486725663717,98.23720104017873,49.25964927535778
Kvasir-SEG,train,cju330ofbc2l30801th5g3hw6.jpg,495,529,3.978155849611426,1,0.9448818897637795,123.66752592083405,59.68145110493374
Kvasir-SEG,train,cju334jzo261t0835yqudnfs1.jpg,623,528,20.01313293448125,1,0.9288025889967637,109.75612566272679,62.72221625276881
Kvasir-SEG,train,cju336l68y7if0993wf092166.jpg,583,530,22.595876889219717,1,1.25,72.76940354056765,66.22660713398321
Kvasir-SEG,train,cju3381d8bz3h07991xtl7ra0.jpg,567,528,5.011089733311955,1,0.85,107.55149711399712,70.26657104809922
Kvasir-SEG,train,cju33eqwbcch208012jikwdky.jpg,626,547,13.928719533207563,1,1.2777777777777777,92.78912277832616,57.13431672382553
Kvasir-SEG,train,cju33jon3ygbj0993pu22a4k6.jpg,626,547,4.1256110880726125,1,1.4173228346456692,103.50205010192101,61.580641894948634
Kvasir-SEG,train,cju33mirdc8mj0799k33wzoes.jpg,626,547,16.999491855079405,1,1.0526315789473684,97.8824286990906,60.02994561859994
Kvasir-SEG,train,cju33o12x2jm50988944mxq0v.jpg,622,530,3.3564885033064367,1,0.912,97.08721106594673,55.657332600595886
Kvasir-SEG,train,cju33qpdvc9g0087825jhf3s9.jpg,622,531,3.411630061583738,1,0.9246575342465754,112.57913843321768,59.98570995225906
Kvasir-SEG,train,cju33w4sdcivk0855x879zht7.jpg,617,547,7.566837235073288,1,0.6546184738955824,84.30575498001475,61.55076471598213
Kvasir-SEG,train,cju33x0f22peh0988g0ln7w5v.jpg,597,528,2.674356631643064,1,1.0384615384615385,119.4548722146084,62.40702185257445
Kvasir-SEG,train,cju33yemn2qb20988wfjxximx.jpg,622,511,4.289552670823869,1,1.5901639344262295,105.76927844652374,76.44890249299038
Kvasir-SEG,train,cju33za6l2qy70988jhrlp2ev.jpg,626,546,5.727100375662676,1,0.3843283582089552,97.33518238949549,59.62461944892089
Kvasir-SEG,train,cju34ds2531520988qjpqt6e3.jpg,617,531,18.2069853827676,1,0.8215297450424929,96.13016021268088,68.68149877252328
Kvasir-SEG,train,cju34eqjpcpm508788b3lhp97.jpg,557,531,10.004834886921124,1,0.7292576419213974,88.62049180605003,54.69655570274896
Kvasir-SEG,train,cju34fojcctcf0799ebolbvkn.jpg,626,547,2.7603366606117596,1,0.6620689655172414,108.69634252472096,61.535952758060255
Kvasir-SEG,train,cju34m7h536wq0988xz7gx79v.jpg,617,531,10.324240676134751,1,1.452991452991453,96.62149334456562,56.4759763209152
Kvasir-SEG,train,cju34o6dbd2lo0855aqlcy1hs.jpg,623,476,4.6464653277041155,1,1.4375,103.10580749153594,64.57337717949713
Kvasir-SEG,train,cju34sh43d8zm08019xbwhc0o.jpg,620,530,11.721241631162508,1,0.7929824561403509,79.861104686549,55.13284856699107
Kvasir-SEG,train,cju34xspwzenf0993cyzajv9n.jpg,626,547,18.90503530731086,2,0.8819475158484447,87.56206961001338,59.069030852482896
Kvasir-SEG,train,cju34ymm8d6700799uop0cw33.jpg,621,531,4.826065728382932,1,1.2137931034482758,106.17213594500093,67.73646778099899
Kvasir-SEG,train,cju34zivp3fq80988opxbaqyn.jpg,580,528,7.259012539184953,1,0.9050279329608939,115.29609456635319,56.697105679920604
Kvasir-SEG,train,cju3518w2d838079939fqztbc.jpg,623,529,17.030224506701217,1,1.1549295774647887,99.58296795492267,60.61119489939814
Kvasir-SEG,train,cju3521y5d5mq0878t3ezsu4p.jpg,622,530,6.10477461627131,1,0.7777777777777778,85.64206758478433,61.1278111224746
Kvasir-SEG,train,cju35740hzm0g0993zl5ic246.jpg,557,474,4.373565438720087,1,0.5988372093023255,49.44529160890546,63.52493529681745
Kvasir-SEG,train,cju357rxxdaz30878y2esjpjt.jpg,558,531,3.337180811210336,1,1.0707964601769913,109.2191037401535,59.03943404632256
Kvasir-SEG,train,cju35a77vdj4n08556jj2lgmc.jpg,570,530,27.125786163522015,1,0.8653846153846154,90.05934789804701,59.4616937643709
Kvasir-SEG,train,cju35atpxdjot0855q46aqrd0.jpg,626,546,7.924610001287317,1,1.2926829268292683,123.12576215052253,45.92599708890049
Kvasir-SEG,train,cju35c4wzdhow0799h6eq4sgs.jpg,599,531,12.211815675215126,1,1.2295081967213115,85.90923667506107,64.1036461401218
Kvasir-SEG,train,cju35eg0tdmjt085525sb4bua.jpg,599,528,7.698436788587039,1,0.9326424870466321,86.91666350483129,61.705419988723136
Kvasir-SEG,train,cju35mdz73x890835eynq1h9v.jpg,570,529,14.063277285842204,1,1.1981132075471699,93.95097005273107,53.87004409427252
Kvasir-SEG,train,cju35oyvd3y850988km12hdz1.jpg,590,506,8.89997990219066,1,1.3550295857988166,79.82672673678569,56.78116957602117
Kvasir-SEG,train,cju3tp94kfstl08181awh6z49.jpg,593,530,60.82089789684686,1,1.1017964071856288,86.0099907728531,61.3387665831555
Kvasir-SEG,train,cju3ttznuftyf09875t11850w.jpg,626,547,10.136907091249977,1,1.379120879120879,99.78508098194625,60.94325063230449
Kvasir-SEG,train,cju3tvffffx5f0818t5ov22al.jpg,622,530,22.772856882848995,1,0.9710610932475884,102.46385063398652,49.3314302912934
Kvasir-SEG,train,cju3tx1qyg0c907552fglumhc.jpg,622,529,7.843774883144196,1,1.5266666666666666,118.16172600125213,55.09427801126675
Kvasir-SEG,train,cju3u1c8tfyqx08503iedc3mx.jpg,622,528,15.233727954789048,1,3.0405405405405403,95.38503605183669,68.58696904196175
Kvasir-SEG,train,cju3u39fog1bo0871lxjrabks.jpg,1205,1010,8.679347602810074,1,1.4592833876221498,65.50809169713652,55.515164229616076
Kvasir-SEG,train,cju3u4lxmg59o0755rz42b9en.jpg,622,528,13.381503946214558,1,0.7465753424657534,89.21582078826854,66.31464129142292
Kvasir-SEG,train,cju3u815rg4ek0850vvhtcvcm.jpg,595,546,44.836703912334166,1,1.7113095238095237,83.67222581340228,57.70833220741152
Kvasir-SEG,train,cju3ua8u0g9rg0801uayhdxhu.jpg,622,530,14.08299460049748,1,1.0576131687242798,85.74845901838258,62.052091449266385
Kvasir-SEG,train,cju3uhb79gcgr0871orbrbi3x.jpg,622,531,4.604247279597435,10,1.015096958033051,116.63460921273337,58.2389036588603
Kvasir-SEG,train,cju3ul8dogf1z09872y2ecowp.jpg,609,531,4.753555425676992,1,0.6162162162162163,96.61133839859731,64.6115558806426
Kvasir-SEG,train,cju3uwz6ogsp10801h2r3bj5l.jpg,622,531,6.885933838356313,1,1.5345911949685536,100.39578602527537,56.16618584956275
Kvasir-SEG,train,cju3uz4o6gr9z0850lhxyxvsj.jpg,1348,1070,20.677223439363264,1,0.9203125,110.24058210155579,43.71280168812982
Kvasir-SEG,train,cju3v11mrgwwb0755u242ygye.jpg,622,530,7.410362191348662,1,1.6428571428571428,97.69911423891281,61.65119864256222
Kvasir-SEG,train,cju3v56bwgy8v0871w14pz8fx.jpg,570,531,15.872402286318433,2,0.9677991886409736,97.62508672811974,51.76919315339103
Kvasir-SEG,train,cju3v664kh0px0818y4y7wolf.jpg,621,531,6.126744119047403,1,0.8176795580110497,103.85408080642667,57.309210954513844
Kvasir-SEG,train,cju3v72v5h1qz0818fggilwtq.jpg,622,529,3.5719278624353414,1,1.219298245614035,115.23856515052972,57.35682361371958
Kvasir-SEG,train,cju3wstckialg0871xs0vevsj.jpg,564,529,33.054471839011114,1,1.2201834862385321,117.82982075104908,59.16081990678778
Kvasir-SEG,train,cju3x2s11ibzi0817kk284k0j.jpg,622,530,10.052174968149002,1,0.9838056680161943,101.80791118121701,61.77981723354954
Kvasir-SEG,train,cju3x5u2tiihx0818914gzxy1.jpg,622,530,24.017169204635078,1,0.9339622641509434,85.8905417703088,56.84839225913697
Kvasir-SEG,train,cju3x7xsaijq80818f0psavav.jpg,590,531,12.544926425995085,1,1.027027027027027,97.00186089565578,61.02579099766273
Kvasir-SEG,train,cju3x9lttikfb0818a0g104zn.jpg,622,530,5.375538433537584,1,0.6571428571428571,96.09647818964994,66.14919784847751
Kvasir-SEG,train,cju3xeexgii1j0817zs68tb4g.jpg,622,528,33.85614586378252,1,1.393854748603352,111.70194204910845,62.37725116112179
Kvasir-SEG,train,cju3xga12iixg0817dijbvjxw.jpg,622,530,29.098768428077413,1,1.2628398791540785,88.12900564217679,63.569673654234556
Kvasir-SEG,train,cju3xhpvvimda0987ygrpzni2.jpg,622,530,8.816962931505188,1,0.8609865470852018,97.61083237274768,56.2791478678788
Kvasir-SEG,train,cju3xiic0ilzp0850lusrb42j.jpg,571,530,2.8113537983676435,1,2.012987012987013,91.667032349734,68.08398417085658
Kvasir-SEG,train,cju3xjqtpikx50817tppy6g84.jpg,622,530,14.68543347691561,1,1.1862348178137652,94.14623551537949,63.395654170127614
Kvasir-SEG,train,cju3xl264ingx0850rcf0rshj.jpg,622,531,10.17039984013661,1,1.0093023255813953,97.48755306071781,56.060688530389804
Kvasir-SEG,train,cju3xtufwiv9c0818djsc4cqd.jpg,615,530,5.517103850283786,1,0.9107142857142857,99.7092192053996,57.8784304375425
Kvasir-SEG,train,cju3xuj20ivgp0818mij8bjrd.jpg,622,527,2.981140594397701,1,1.1634615384615385,109.56304569333179,63.09313225365308
Kvasir-SEG,train,cju3xvoo2iqlc0817eku2r3wl.jpg,446,530,5.10914628987224,1,1.0588235294117647,80.19367966833066,66.55215766711862
Kvasir-SEG,train,cju3xzvnzj0hd0755xprz39nj.jpg,625,513,35.497855750487325,1,0.8686131386861314,99.51891461988303,61.51378852492663
Kvasir-SEG,train,cju3y0pjrj1c30755nxekxccj.jpg,570,531,3.810420590081607,1,0.8776978417266187,103.16660058809924,50.596779839495305
Kvasir-SEG,train,cju3y79ofj3va0871uqfb1mzo.jpg,598,530,10.81245661639427,1,0.9768339768339769,92.47612166340632,61.441519627179986
Kvasir-SEG,train,cju3y9difj6th0801kd1rqm3w.jpg,597,529,9.96064126555905,1,1.0436893203883495,115.32951145139687,61.64386803740166
Kvasir-SEG,train,cju3ya7goj6at0818v2l5ay7f.jpg,626,547,3.3771194607823096,2,0.892997542997543,95.2761241976275,59.70043231151371
Kvasir-SEG,train,cju3yb47cj1xq0817zfotbni4.jpg,626,547,12.916518214367068,1,1.1293103448275863,95.94518459678409,61.667100622148865
Kvasir-SEG,train,cju3ykamdj9u208503pygyuc8.jpg,1220,1010,1.6681545203700698,2,0.6824213597665774,151.24554130822918,69.18807700755386
Kvasir-SEG,train,cju40jl7skiuo0817p0smlgg8.jpg,601,506,31.6685629352923,1,1.1546666666666667,119.15389370811494,62.609719750812594
Kvasir-SEG,train,cju40poe4kt9s0755f9cnm3h5.jpg,1348,1070,27.798469175517905,1,1.0977777777777777,119.92923125987964,45.15753402101784
Kvasir-SEG,train,cju40r6jrksyk0871wg98zgho.jpg,622,528,16.687067621553155,1,0.9563636363636364,100.50774627301959,67.93277047824257
Kvasir-SEG,train,cju40sdwukv3k0755y99ug1k8.jpg,615,528,10.149667405764967,1,0.805668016194332,113.8605906627248,60.84825359655889
Kvasir-SEG,train,cju40u30gkuzc0871rq7t666d.jpg,626,546,6.63056325995623,1,1.0994152046783625,97.02981310489298,56.429317606501414
Kvasir-SEG,train,cju40w3hbkwpn08015rbs3wko.jpg,621,528,6.796223100570926,1,0.6008583690987125,117.28255379885815,62.640580941537074
Kvasir-SEG,train,cju410dnfl0960755y8lu8d79.jpg,626,546,20.934124448501446,1,0.8076009501187649,96.6546916874393,59.465988794381076
Kvasir-SEG,train,cju412uwlkva50850d1ps1ww7.jpg,616,547,40.649706783161996,1,0.9624724061810155,105.14948419952991,61.83346188020871
Kvasir-SEG,train,cju414lf2l1lt0801rl3hjllj.jpg,610,528,14.57836562344759,4,0.9352528286574063,88.63229011425733,49.02743807171748
Kvasir-SEG,train,cju418rckl3ur08012psrx1r1.jpg,622,530,13.591882545653098,1,1.0082644628099173,97.2286719650549,56.8320852881212
Kvasir-SEG,train,cju41kd7yl4nm0850gil5qqwh.jpg,535,531,7.57625358607459,1,0.6186046511627907,79.16784765123114,66.90327223766384
Kvasir-SEG,train,cju41lojblbs307555jdci937.jpg,626,547,5.964862070778162,1,0.9053254437869822,97.77363603974044,56.2812260522603
Kvasir-SEG,train,cju41nz76lcxu0755cya2qefx.jpg,586,514,18.346701903029174,1,1.5281385281385282,88.09745554507909,61.07290648078173
Kvasir-SEG,train,cju41p90plcsx08018cnzpndc.jpg,622,529,2.438016277755153,1,0.6515151515151515,118.62846540521156,52.759213342900736
Kvasir-SEG,train,cju41r6v2lcww0871ps8k8pf5.jpg,594,529,19.191600949634978,1,0.7299703264094956,120.83860660798278,62.034192970297234
Kvasir-SEG,train,cju41s6nbleqy0755e2mslg0b.jpg,561,530,9.108061749571183,1,1.0494505494505495,86.7513200820637,60.48056998908087
Kvasir-SEG,train,cju422cm8lfxn0818ojicxejb.jpg,571,531,9.888489813687949,1,1.2391304347826086,99.47293709453464,50.431431245215215
Kvasir-SEG,train,cju424hy5lckr085073fva1ok.jpg,576,530,11.080974842767295,1,1.150259067357513,88.90079926624738,62.137498790283935
Kvasir-SEG,train,cju428k5fldt108177s6g6f45.jpg,622,530,21.351089000788694,1,0.8592814371257484,81.993475095553,55.34544330199109
Kvasir-SEG,train,cju42g865lorv07552ytz6xxa.jpg,599,527,21.61540581551162,1,1.0328947368421053,71.51075321614455,49.990088374247705
Kvasir-SEG,train,cju42m60jlpcm08186kqppzqv.jpg,626,547,7.963565425118713,1,0.4376899696048632,98.4135978412602,57.46998179342291
Kvasir-SEG,train,cju42nm68lpyo0818xvvqmupq.jpg,504,530,16.531521413596888,1,0.5581395348837209,99.37625786163522,56.23439898214875
Kvasir-SEG,train,cju42py9mlqyd0818u3d1d7ga.jpg,545,433,10.489226010127762,1,0.5745454545454546,92.01006419899569,72.13810324197661
Kvasir-SEG,train,cju42tauqlo5p08171l3cuo4b.jpg,627,547,5.6766063405147404,1,0.8595505617977528,93.58085716201757,61.835222806951705
Kvasir-SEG,train,cju42u5bjlvi10801dc13sskp.jpg,541,528,12.156920405534084,1,1.3989071038251366,75.67076611773932,49.748066078558516
Kvasir-SEG,train,cju42xpi8lw4w0871ve317a1p.jpg,465,530,8.76648407384865,1,0.764102564102564,100.0850639074863,51.36445010424068
Kvasir-SEG,train,cju430pm2lz0y0755jkhcc3d1.jpg,626,547,22.51695276588537,2,0.8761682868696608,101.53715298666557,63.20404929011958
Kvasir-SEG,train,cju439oazm2fu0871ma0vvrft.jpg,622,531,16.822896797282322,1,1.184873949579832,111.51630424909622,62.741732490563926
Kvasir-SEG,train,cju43b8daly4408170e5ev06g.jpg,600,531,19.353107344632768,1,0.8407079646017699,86.32188637790333,57.981319712584614
Kvasir-SEG,train,cju43c92lm5cj0755lorsorfg.jpg,591,529,4.325436046046718,3,1.0035230545835416,102.72595229641855,73.82250464883623
Kvasir-SEG,train,cju43gfosm63n08714rpih8pe.jpg,622,530,26.660195352787717,1,0.9140401146131805,104.27273554571377,55.53947287489896
Kvasir-SEG,train,cju43h43am1dy08176gwfhmnt.jpg,594,530,2.7844482561463697,1,0.9823008849557522,98.86099358363509,59.56595494389512
Kvasir-SEG,train,cju43in5fm22c08175rxziqrk.jpg,616,530,28.73499142367067,1,0.627906976744186,62.72896655231561,56.20474574448988
Kvasir-SEG,train,cju43jcqim2cp08172dvjvyui.jpg,626,547,3.009152449316925,1,0.8582677165354331,100.01828737639521,57.583897285146776
Kvasir-SEG,train,cju43lcnum9y10755bjs7z87f.jpg,590,528,4.026065742167438,1,0.9104477611940298,115.40843605546995,57.328178058040855
Kvasir-SEG,train,cju43o6n7m9nk087191ijwqq9.jpg,618,530,7.93887769432741,1,0.6408163265306123,85.25790437809123,57.08607303309202
Kvasir-SEG,train,cju45jpvfn6c809873pv1i34s.jpg,593,530,12.78914378440294,1,0.8412698412698413,97.09435234974069,60.94220207394775
Kvasir-SEG,train,cju45lbgznahl08180xz1h7u6.jpg,622,527,9.497733332519815,1,1.0765306122448979,106.51032660756451,65.82659761061701
Kvasir-SEG,train,cju45n0oxn5vu08500yfrt9jn.jpg,622,530,9.652672450403447,1,0.7786561264822134,76.61237638779349,67.29185072871721
Kvasir-SEG,train,cju45ofd9ne1j0801ri8dup7t.jpg,622,530,57.86507310562398,1,0.9867674858223062,99.48133531517321,52.09693450398123
Kvasir-SEG,train,cju45pm27n80u08174kyow1gj.jpg,626,547,13.234546845705008,1,1.011111111111111,93.03832989702765,60.54090746187498
Kvasir-SEG,train,cju45qbf3n9sa0987oonbkly9.jpg,621,531,8.31779130313479,1,1.0260416666666667,91.08499443519504,55.04560769017275
Kvasir-SEG,train,cju45rj7ln8980850a7821fov.jpg,585,546,10.710372248833787,2,0.8039156261365014,69.69735762812685,39.836860718052364
Kvasir-SEG,train,cju45t5ddnbio0987qtqzx762.jpg,618,530,12.142639066984186,1,1.5654450261780104,101.7698937534347,57.35931660548333
Kvasir-SEG,train,cju45ty6zn9oz0850qy4qnck1.jpg,551,531,11.451529661871414,1,0.8571428571428571,98.35561434269485,59.31244358586582
Kvasir-SEG,train,cju5b9oyda4yr0850g9viziyv.jpg,622,528,7.2292458345513015,1,0.9565217391304348,109.86422403293383,53.64293357685127
Kvasir-SEG,train,cju5bbtwsa8cl0987wgfsqpao.jpg,595,531,10.076120843817753,1,0.8863636363636364,90.75421671493456,63.04683721193485
Kvasir-SEG,train,cju5bf6hxa6m50817rbwettgu.jpg,622,531,8.691360715994211,1,0.8976744186046511,94.93654513415808,55.95193866792216
Kvasir-SEG,train,cju5bhv81abur0850ean02atv.jpg,611,531,16.4270237115531,1,0.8770226537216829,88.66794578983544,58.168523095811196
Kvasir-SEG,train,cju5bj926aiec07559rshy4wa.jpg,612,529,4.036472812187257,1,0.5657142857142857,118.30307523135278,54.14916525087693
Kvasir-SEG,train,cju5bmhdcafs909878qfzrqzi.jpg,561,528,15.128220709771512,1,0.8698884758364313,100.12560092907687,85.97558976165347
Kvasir-SEG,train,cju5buy2bal250818ipl6fqwv.jpg,569,430,15.963951444803204,1,1.3701923076923077,61.306935872808275,42.814327647863706
Kvasir-SEG,train,cju5bwhapakm90987c1v4z46a.jpg,622,529,3.4029504191005295,1,0.9754098360655737,104.66488976957069,63.52119406990528
Kvasir-SEG,train,cju5bycdkalkb09875f7bfrvx.jpg,603,530,25.257048092868988,1,0.7433414043583535,93.10866735504865,59.33342385720348
Kvasir-SEG,train,cju5c5xc7algd0817pb1ej5yo.jpg,599,528,15.369365609348915,1,0.9285714285714286,91.46399301866748,66.03028544535373
Kvasir-SEG,train,cju5c7oijaqmq09878qwgqv8n.jpg,547,546,13.642847098057336,1,0.8461538461538461,69.14229128580133,41.75476219343563
Kvasir-SEG,train,cju5cetivauok0987ok3e5bre.jpg,623,529,13.677643696122487,1,0.846441947565543,102.92792360885647,62.27192977162768
Kvasir-SEG,train,cju5chrxxawka0871qcj171yz.jpg,601,528,15.216747340291434,1,0.7821428571428571,101.39793210810265,77.63387509086539
Kvasir-SEG,train,cju5cjh3xattc0817j2vbulzi.jpg,617,528,6.480833456117087,2,0.8953950444132772,120.84846643092186,60.418973392177584
Kvasir-SEG,train,cju5cky5xb0ay0801oxet697t.jpg,622,528,5.45649420247491,1,0.9644970414201184,110.45531886387995,58.08144385454479
Kvasir-SEG,train,cju5cu8qkb84x08186jwo8yin.jpg,622,530,3.99987866286477,1,1.1328125,100.61586786385973,61.291300465037594
Kvasir-SEG,train,cju5eftctcdbj08712gdp989f.jpg,605,530,26.764072976765945,1,0.6830985915492958,86.32150631529706,63.87984287611365
Kvasir-SEG,train,cju5enq1tcn1i0755hnkon787.jpg,626,547,14.47424522957053,1,1.3547008547008548,105.29554467878816,56.05828976424067
Kvasir-SEG,train,cju5eq8c8ck690850vix98hv3.jpg,622,530,30.914578656797914,1,1.0541310541310542,100.80883334344476,61.496882979072964
Kvasir-SEG,train,cju5es375cnzy0801nkq35ffs.jpg,621,528,6.47843165959108,1,0.7936507936507936,116.67115295466745,61.66080595924669
Kvasir-SEG,train,cju5ew4h9cqaf0818rrczkmqh.jpg,570,530,24.246276067527308,1,0.9841269841269841,92.23439920556108,41.994508070953
Kvasir-SEG,train,cju5f0dezct4q08183ydw11dx.jpg,626,546,10.140844246275556,1,0.5952380952380952,66.06055658931058,42.23801781127792
Kvasir-SEG,train,cju5f26ebcuai0818xlwh6116.jpg,598,546,7.841155500018377,1,0.9743589743589743,106.2066626238867,49.60981887180616
Kvasir-SEG,train,cju5fb86jd1jp0755b1ukbhq5.jpg,560,424,29.28360849056604,1,0.9845201238390093,95.9996420148248,62.334237154801514
Kvasir-SEG,train,cju5fi0yxd3ei0801v7u0yudn.jpg,626,547,2.073172868565688,1,0.75,95.14616467399875,56.45841173442383
Kvasir-SEG,train,cju5fs6j6d8350801vglraq4u.jpg,626,547,22.728387778822622,1,1.1287128712871286,90.69476552324325,55.861896320049354
Kvasir-SEG,train,cju5ft6mcd5q40987rhjgbrr6.jpg,622,530,13.296426621367468,1,0.9176029962546817,94.96159679669962,63.71668430014029
Kvasir-SEG,train,cju5fu081d8gc0818l3yylujk.jpg,570,531,5.57306637592097,1,1.1506849315068493,99.65133974295438,42.235197698639034
Kvasir-SEG,train,cju5fw37edaae0801vkwvocn7.jpg,559,530,9.255408917541432,1,0.9653465346534653,105.46587909676984,60.017282436097034
Kvasir-SEG,train,cju5fydrud94708507vo6oy21.jpg,626,546,33.91906283280085,1,1.1595744680851063,102.09333052464044,70.52456231717247
Kvasir-SEG,train,cju5g163vd6mt0817uccuga6u.jpg,545,547,4.649212552203009,1,1.1619718309859155,106.01960652768227,54.994241804651416
Kvasir-SEG,train,cju5gucasds9d0801019axylx.jpg,626,546,2.0892579199288464,1,0.6982758620689655,94.8930765719903,61.89050270032409
Kvasir-SEG,train,cju5h57xedz5h0755mjpc8694.jpg,622,528,38.14856767027185,1,1.0384615384615385,103.00148896521485,62.375850539974856
Kvasir-SEG,train,cju5hl8nee8a40755fm8qjj0o.jpg,617,531,4.945563094616745,1,0.9161290322580645,94.83695482973015,60.65734987058764
Kvasir-SEG,train,cju5ht88gedbu0755xrcuddcx.jpg,619,547,19.86278511369107,1,1.2387543252595157,93.61598438242964,64.69400459748374
Kvasir-SEG,train,cju5hyi9yegob0755ho3do8en.jpg,623,529,8.857682959762354,2,0.8011263318112634,110.28779580479842,62.61780363356385
Kvasir-SEG,train,cju5i39mreass0817au8p22zy.jpg,623,546,18.845360097366516,1,0.5391705069124424,89.72609787216528,57.16705023877096
Kvasir-SEG,train,cju5jx7jzf7c90871c2i9aiov.jpg,622,528,17.29148397154828,1,0.6869300911854104,107.57545917373088,62.07359124819375
Kvasir-SEG,train,cju5k503sfa5f0871lx0rpu5y.jpg,622,529,15.594247472936257,1,0.6197183098591549,89.76590241856563,73.54824465644346
Kvasir-SEG,train,cju5k7r0yf98c09878csbxb4d.jpg,622,528,1.9213436616973594,1,0.989247311827957,109.81129725713728,60.75428846053156
Kvasir-SEG,train,cju5klveuff6w0871wbibgh3m.jpg,574,530,3.78739070409572,1,1.0082644628099173,97.633202945237,60.80214128880301
Kvasir-SEG,train,cju5knbbqfipk080128cggukq.jpg,597,529,40.76272984329334,1,0.8791208791208791,120.7202648402694,57.6182435636402
Kvasir-SEG,train,cju5kre09fhka0850h7b1898j.jpg,618,528,5.765176032166323,1,0.6415094339622641,114.78888705011278,66.15981453329924
Kvasir-SEG,train,cju5nxkujgscq0817l9gss626.jpg,570,531,16.024052598539665,1,1.3527131782945736,93.16785277695179,45.639477071995024
Kvasir-SEG,train,cju5nyu31gv8e0871zpk74a2n.jpg,616,529,4.860923575479341,1,1.1654135338345866,90.0810614243979,79.74783246559113
Kvasir-SEG,train,cju5o1vu9gz8a0818eyy92bns.jpg,421,547,17.8659672495625,1,0.6622073578595318,111.29279985409511,63.263821991540816
Kvasir-SEG,train,cju5tenjojp1j0755ms4949h2.jpg,570,531,19.769385799715863,1,0.996551724137931,79.87751015957974,43.33885014142756
Kvasir-SEG,train,cju5tgbzhjllu08174ca41eus.jpg,622,531,9.46282267880175,1,1.8470588235294119,92.04874622292465,59.91435461524209
Kvasir-SEG,train,cju5u8gz4kj5b07552e2wpkwp.jpg,571,531,26.10017776986224,1,1.032258064516129,90.02599925461988,50.15179060028492
Kvasir-SEG,train,cju5udcufki0s09874ll1dbr5.jpg,570,531,18.134932434664815,1,1.2008196721311475,111.66258961905706,50.211151938335846
Kvasir-SEG,train,cju5uget8krjy0818kvywd0zu.jpg,608,529,3.732526614267237,1,1.6666666666666667,114.12322778827978,63.14471404967269
Kvasir-SEG,train,cju5uhrdwkmsu0817ervv91l8.jpg,626,547,1.7484273790819516,1,1.0337078651685394,81.65309763975445,66.56224670414345
Kvasir-SEG,train,cju5ukkg6kv7u08011x2b6zl5.jpg,622,510,16.306033667486286,1,1.1742738589211619,100.59594918353193,82.12203399772515
Kvasir-SEG,train,cju5uzmaol56l0817flxh4w9p.jpg,623,529,3.5564847208610084,1,0.953125,105.21182035822761,56.38502337999545
Kvasir-SEG,train,cju5v8pgplg6k0755rvi2t63h.jpg,570,530,4.349884144323072,1,0.9733333333333334,118.31111221449851,48.234977457258175
Kvasir-SEG,train,cju5vbo6jldrt0871jf6f1700.jpg,619,530,7.309110860487091,1,0.5775862068965517,77.90578839881732,66.08957100834742
Kvasir-SEG,train,cju5vcmrqla7i0817x4sp4pqw.jpg,612,482,6.626461096195048,1,1.0576923076923077,91.21795080411141,60.273416510429264
Kvasir-SEG,train,cju5vgawslbe30987ndeepc1b.jpg,622,530,30.95734999696657,1,0.9699453551912568,93.17085178668931,62.44196621601125
Kvasir-SEG,train,cju5von04litr08718j8po40a.jpg,622,530,5.868773888248499,1,0.4154929577464789,88.4375932779227,60.75158972927031
Kvasir-SEG,train,cju5vutu7ll8w0871dfp92n9p.jpg,605,528,15.914725770097672,1,0.9922178988326849,114.11568682694715,57.376448610039645
Kvasir-SEG,train,cju5vwbr4lhqn0987a1pji0ux.jpg,570,530,5.163190996358821,1,0.7256637168141593,50.27335319430652,35.18892080299928
Kvasir-SEG,train,cju5vzjoslpj708186z2fusmz.jpg,622,496,5.212114925837569,1,0.89937106918239,114.55326535110466,66.25741031691568
Kvasir-SEG,train,cju5w7xn0lrkq0801f9k0htgx.jpg,622,530,9.369956925316993,1,0.7672413793103449,90.68614633258508,57.30231210155813
Kvasir-SEG,train,cju5waeduln160817w0agirve.jpg,540,528,8.918350168350168,1,1.010989010989011,108.33885732323232,68.1829971542683
Kvasir-SEG,train,cju5wcc90lu020850mjrxppv6.jpg,626,547,10.515679483210775,1,0.7640449438202247,97.73427817137917,66.4589498460401
Kvasir-SEG,train,cju5wi6bqlxy90755bu227nvb.jpg,622,530,8.910695868470546,1,0.8302752293577982,97.07071831584057,54.50130923823186
Kvasir-SEG,train,cju5wmvsdlx1j0871npgj8j4b.jpg,616,530,3.8354569958343543,1,1.4824561403508771,88.82285285469247,66.93263220145134
Kvasir-SEG,train,cju5woy82m07m08505dmjg7g1.jpg,1348,1070,16.598907346293572,1,0.8881469115191987,115.47739399317784,42.37135939097561
Kvasir-SEG,train,cju5wphwwlu3m0987hh3ltg88.jpg,618,531,4.338763644342055,1,0.7784090909090909,81.9404341810957,57.93372624035839
Kvasir-SEG,train,cju5wqonpm0e60801z88ewmy1.jpg,622,528,4.397471499561532,1,0.9517241379310345,108.84869190295235,56.26518614491845
Kvasir-SEG,train,cju5wrapcm2290818jsh26ppb.jpg,622,528,9.778451719770048,1,0.9620853080568721,114.57144292604502,55.75226001390963
Kvasir-SEG,train,cju5wuhm1lwm40987vugqn3vv.jpg,613,530,8.713102896364923,1,1.052910052910053,107.51548524115854,59.68518594580179
Kvasir-SEG,train,cju5x00l6m5j608503k78ptee.jpg,554,529,39.05127172718773,1,0.8891625615763546,115.46204267980592,63.45963738239833
Kvasir-SEG,train,cju5x15djm7ae0755h8czf6nt.jpg,622,531,9.43617878055722,1,0.7875,94.39682150404806,63.01119113455535
Kvasir-SEG,train,cju5xkwzxmf0z0818gk4xabdm.jpg,609,505,17.135703718155067,1,1.04,81.42902339495033,65.287004477709
Kvasir-SEG,train,cju5xneamme2p0801qdf7fdwv.jpg,622,527,5.440001952445743,1,1.167785234899329,102.60607576709762,60.32159669969343
Kvasir-SEG,train,cju5xopi0md7q0871r1sjc1av.jpg,568,546,10.9219419078574,1,0.7622950819672131,105.84595392870041,50.14405962898562
Kvasir-SEG,train,cju5xq3tdm9fn0987pbedxdg5.jpg,570,529,3.576758531489404,1,1.2773722627737227,90.72529764865851,69.17802844141586
Kvasir-SEG,train,cju5y4hgqmk0i08180rjhbwvp.jpg,626,547,12.84029647627781,1,0.8740458015267175,98.43895252057403,50.87988628918502
Kvasir-SEG,train,cju5y84q3mdv50817eyp82xf3.jpg,611,530,3.5061606398418923,1,1.0,95.0452058178674,56.4900987048309
Kvasir-SEG,train,cju5yclrymlgj0818k426ud6z.jpg,622,529,8.391128076392393,1,0.6341463414634146,117.88888213519411,53.24650274876538
Kvasir-SEG,train,cju5ygh1zmmdi0755uod5e17i.jpg,570,530,13.688513737173121,1,0.7455830388692579,100.30034425686858,47.436598658643476
Kvasir-SEG,train,cju5yhgznmkzb0801cji2vi8j.jpg,568,529,2.8894539258233713,1,0.6204379562043796,114.921603344072,70.13998118246877
Kvasir-SEG,train,cju5yjq1pmlgc0801z0t24bly.jpg,570,530,12.436610393909302,1,0.7447552447552448,101.45861635220126,45.915565530289975
Kvasir-SEG,train,cju6ur9l9v9jq0755paud9uka.jpg,561,529,2.9831282917016266,1,0.8934426229508197,72.78333316485212,52.01111579575654
Kvasir-SEG,train,cju6us80mv1b50871ebyq2wxa.jpg,562,530,1.298932384341637,1,0.5913978494623656,97.80770496206272,63.61871576424305
Kvasir-SEG,train,cju6uy20suzbl0987rzuhz7z9.jpg,626,546,17.317054617374104,1,0.7376543209876543,99.19302156842093,54.03642794601155
Kvasir-SEG,train,cju6v1m1xv07w09870ah3njy1.jpg,565,530,6.069460677909501,2,1.068649885583524,93.32625146101185,61.604742780634794
Kvasir-SEG,train,cju6v3bb2v7xo085090blubyw.jpg,626,547,11.800351612922066,2,1.0750128008192523,88.30420942579624,54.928579154573995
Kvasir-SEG,train,cju6v4szov55u0871qmqz3v8n.jpg,370,523,42.95902020567412,1,0.7885117493472585,107.26526277711746,62.03013402149102
Kvasir-SEG,train,cju6v5ilsv8hk0850rb5sgh6o.jpg,622,530,3.0325183522417034,1,1.0789473684210527,100.77257780743797,56.37659407477108
Kvasir-SEG,train,cju6v6g6kvdw007552x6mb0po.jpg,570,530,14.541542535584243,1,1.2242152466367713,104.10589208871235,54.803607611086555
Kvasir-SEG,train,cju6vgdmivcvb08018fra5lnv.jpg,571,529,16.185910699565316,1,0.7041800643086816,83.94587481253663,55.34335742554805
Kvasir-SEG,train,cju6vifjlv55z0987un6y4zdo.jpg,622,529,61.481348658817524,1,0.9168241965973535,116.34762246305898,61.845676106602504
Kvasir-SEG,train,cju6vqarjv7yo0987q4b1btk1.jpg,584,529,11.382616464251495,1,0.736,98.4457395706554,67.28389253746555
Kvasir-SEG,train,cju6vrs1ov8cr098788h8gs6j.jpg,621,529,5.090271499410974,1,1.103225806451613,105.55650530122462,64.90170707138343
Kvasir-SEG,train,cju6vucxvvlda0755j7msqnya.jpg,626,546,4.469917728703671,2,0.957593984962406,115.72399911058058,60.0751760197744
Kvasir-SEG,train,cju6vvb8svhed0801jjcquh5e.jpg,604,530,1.5122454079720105,1,0.4383561643835616,79.87161689366488,63.34632366267661
Kvasir-SEG,train,cju6vvxsev9y30987kespucdg.jpg,620,475,7.513412563667233,1,1.0411764705882354,112.54287606112054,73.52694946389937
Kvasir-SEG,train,cju6w733bveoz0817e600tw72.jpg,477,530,9.467188797911474,1,1.0,75.58106087575649,63.334544445131044
Kvasir-SEG,train,cju6wi3akvn8r0801px8eligc.jpg,494,530,61.37384462607899,1,0.775,100.87435260866243,56.94497233184237
Kvasir-SEG,train,cju6wjm81vgsc0987enk9n3pr.jpg,623,528,26.23273262318206,1,0.8706896551724138,100.80023651442191,71.36152647291998
Kvasir-SEG,train,cju6wn57mvooj0850rp78hhy7.jpg,622,531,32.15010203401941,1,0.8126410835214447,91.55374498156121,53.93639083588739
Kvasir-SEG,train,cju6x0yqbvxqt0755dhxislgb.jpg,622,530,13.386822787113998,1,1.0327868852459017,109.09217982163442,62.38286804438478
Kvasir-SEG,train,cju6x35ervu2808015c7eoqe4.jpg,622,530,20.088272765879996,1,1.03003003003003,84.01560698901899,55.21185328583722
Kvasir-SEG,train,cju6x97w4vwua0850x0997r0a.jpg,626,547,7.870989597630993,1,0.5846153846153846,100.69594827435154,57.5647285661323
Kvasir-SEG,train,cju6xa0qmvzun0818xjukgncj.jpg,575,530,11.398851517637407,1,0.90625,88.48190319934372,57.954483446813846
Kvasir-SEG,train,cju6xifswvwbo0987nibtdr50.jpg,618,531,33.82943582054986,1,0.7522935779816514,103.68820507194705,59.58020693598219
Kvasir-SEG,train,cju6xmqd9w0250817l5kxfnsk.jpg,494,530,10.996868077305018,1,0.7063829787234043,97.16777175158506,61.96854300837282
Kvasir-SEG,train,cju6ywm40wdbo0987pbftsvtg.jpg,622,528,14.700867192828607,1,1.0557768924302788,101.62442755529572,62.229445078253214
Kvasir-SEG,train,cju6yxyt0wh080871sqpepu47.jpg,616,528,7.131481208185754,1,0.6008403361344538,104.625,69.64054822659192
Kvasir-SEG,train,cju6z600qwh4z081700qimgl9.jpg,612,530,4.77432482426933,1,0.864516129032258,91.12909421630287,56.13895469328215
Kvasir-SEG,train,cju6z9a9kwsl007552s49rx6i.jpg,622,528,15.57354087498782,2,1.1779485049833887,112.27892672707786,63.19489669715856
Kvasir-SEG,train,cju76erapykj30871x5eaxh4q.jpg,621,529,21.00003348462295,1,0.8023255813953488,105.52304198667312,66.46177561146018
Kvasir-SEG,train,cju76l27oyrw907551ri2a7fl.jpg,396,480,26.083228114478114,1,0.672782874617737,127.81922348484848,81.81530832768355
Kvasir-SEG,train,cju76lsehyia10987u54vn8rb.jpg,622,546,5.5480960625655165,1,0.8406593406593407,100.33409596834034,58.01479475191362
Kvasir-SEG,train,cju77196iyshb0850ycbto50a.jpg,622,529,26.869540904090105,1,1.0113636363636365,116.64624146755087,58.17132787344361
Kvasir-SEG,train,cju773hsyyosz0817pk1e7sjq.jpg,618,530,10.838370885998657,1,0.7346153846153847,86.78471331745742,58.45088073807917
Kvasir-SEG,train,cju774fmayxif0818u2g79usw.jpg,622,530,5.828429290784444,1,1.1090909090909091,99.68670144997877,61.31028217530935
Kvasir-SEG,train,cju7787c5yy3l080159mwqsnj.jpg,622,530,5.652187101862525,1,0.827027027027027,94.04546805799914,66.68792581852114
Kvasir-SEG,train,cju77afzlz3kp07550x5nafzs.jpg,622,528,54.99336207736529,1,0.8693181818181818,110.94304784176167,61.1724268696002
Kvasir-SEG,train,cju77b3wyz4160755qis4ljsb.jpg,571,530,4.230909030829726,1,0.8698630136986302,98.2566037735849,39.99820689473675
Kvasir-SEG,train,cju77g99iyxc00817zqi2ppor.jpg,620,531,26.99228479436243,1,1.2059701492537314,94.64069922847943,63.412431390589035
Kvasir-SEG,train,cju77idwfz36d0871tzfzz51i.jpg,605,528,18.98979464062109,1,1.5104602510460252,106.03986038066617,75.50334081937429
Kvasir-SEG,train,cju77q10sz9ug0801449wu1nu.jpg,608,528,10.181170255183412,1,0.9003831417624522,86.17041716507177,45.14588713498453
Kvasir-SEG,train,cju77t0razbvm080106o56289.jpg,570,528,55.98750664540139,1,0.8106060606060606,113.41575292397661,72.12228930286099
Kvasir-SEG,train,cju77u1sjz77b0817ft44r3fk.jpg,622,531,11.695763014635977,1,0.7707509881422925,101.70552437008375,49.743643967596654
Kvasir-SEG,train,cju77vvcwzcm50850lzoykuva.jpg,618,529,7.820213995999045,1,1.5308641975308641,117.13171949272304,59.53516448332225
Kvasir-SEG,train,cju783tmkzkqu081803g7q5vk.jpg,618,494,11.4320060794256,1,1.4,88.60112941053156,70.99511046343879
Kvasir-SEG,train,cju784jpdzeae0987q5ypq883.jpg,580,531,10.921163711929346,1,1.1894736842105262,95.29927592700825,60.668444525754325
Kvasir-SEG,train,cju785htizjzo08017tvlhtg4.jpg,546,530,10.24155090192826,1,0.827906976744186,98.47486350127859,62.732719078471845
Kvasir-SEG,train,cju787jnjzjuj0871p94nck9g.jpg,626,546,12.612201430092803,1,0.7323943661971831,81.04977823028942,53.33729124204226
Kvasir-SEG,train,cju7afqon1ip40850ue2308b6.jpg,617,528,4.736690241147292,1,0.7513513513513513,116.04525502185551,53.939037385553554
Kvasir-SEG,train,cju7agj961l2r0818z29iq8yn.jpg,622,530,6.4963902202269015,1,0.8555555555555555,92.35495358854577,58.237774123263165
Kvasir-SEG,train,cju7ahtkb1jr90801jck4kbds.jpg,602,546,13.075158507052196,1,0.7079037800687286,89.51698854855002,73.561320462623
Kvasir-SEG,train,cju7aifyo1p3n07552nxjx51f.jpg,622,531,5.868015816786866,1,0.8457142857142858,94.76860379917767,56.36865170850441
Kvasir-SEG,train,cju7aklv31h4309871m29l4e7.jpg,615,529,10.201177248067376,1,0.7380952380952381,99.58363532973704,62.67494756873819
Kvasir-SEG,train,cju7alcgr1lsr0871riqk84z7.jpg,622,530,9.766122671843718,1,1.1295336787564767,89.01163926469697,58.59036125836151
Kvasir-SEG,train,cju7amjna1ly40871ugiokehb.jpg,552,531,14.180927427058599,1,0.7112676056338029,97.02273192499796,59.573193384437566
Kvasir-SEG,train,cju7apr0c1qqm0755s7msqot4.jpg,584,530,13.228870509175497,1,0.6797153024911032,93.1549399069527,57.92116577981085
Kvasir-SEG,train,cju7atnm31if40817pqclnjer.jpg,622,531,16.21402316808061,1,0.9109195402298851,101.7510854360819,63.82436808187822
Kvasir-SEG,train,cju7awzmu1ncs0871hziy65zx.jpg,592,527,7.979575875685932,1,0.7511961722488039,104.09801784706909,73.94253964121557
Kvasir-SEG,train,cju7azuu31mia0801pf9ib5ed.jpg,605,530,7.007016996725401,1,0.8622448979591837,90.77598315920785,60.46214614896195
Kvasir-SEG,train,cju7b1ygu1msd0801hywhy0mc.jpg,617,530,15.044188251123819,1,0.6617210682492581,114.85276902847008,61.651880429319185
Kvasir-SEG,train,cju7b3f5h1sm40755i572jden.jpg,622,531,14.696532054426218,1,1.7401960784313726,100.33069316523456,57.256401142951404
Kvasir-SEG,train,cju7b4mtw1n9n080186209f3d.jpg,600,528,4.26199494949495,1,1.0071428571428571,76.23271464646464,73.14044789227928
Kvasir-SEG,train,cju7b9vcs1luz0987ta60j1dy.jpg,626,547,13.081519294905117,1,0.8461538461538461,102.8250696508986,61.03508579687806
Kvasir-SEG,train,cju7bb3ss1uoo0755pmhyco7t.jpg,502,529,16.935660006476926,1,1.16,85.35307541102132,73.36942796128359
Kvasir-SEG,train,cju7bc95p1mdm0817yqj5jc6j.jpg,622,529,8.72148505643725,1,0.8097345132743363,113.56511405977425,53.05081287486151
Kvasir-SEG,train,cju7bd1qu1mx409877xjxibox.jpg,570,530,9.371400198609733,1,1.0103092783505154,90.11043363124793,47.95673163329641
Kvasir-SEG,train,cju7bf1lp1shi081835vs84lc.jpg,570,530,36.30552797087057,1,0.9477434679334917,85.14928500496525,55.61643593128425
Kvasir-SEG,train,cju7bfx651qr80801cs7epotb.jpg,622,528,18.38552323881906,1,1.0310344827586206,113.41001351943876,59.869008142700636
Kvasir-SEG,train,cju7bgnvb1sf808717qa799ir.jpg,590,528,18.73234463276836,1,0.9698996655518395,109.62846687211093,63.214673024383096
Kvasir-SEG,train,cju7cl8zm1xcu0817ado0jpas.jpg,570,530,33.618007282356835,1,1.0822281167108754,92.63521350546176,44.420214964733916
Kvasir-SEG,train,cju7cp6dw244p0818gncdol4m.jpg,622,530,3.6024995449857427,1,0.6912751677852349,95.27519565613056,56.35482834427799
Kvasir-SEG,train,cju7crgxa28550755wbsgqkel.jpg,622,504,14.552072168631655,1,1.1724137931034482,83.76458748022253,65.75719340504146
Kvasir-SEG,train,cju7csvlb22fr0850lvm45n3x.jpg,622,530,29.405144694533764,1,0.5871369294605809,97.50513256082024,58.255767565428435
Kvasir-SEG,train,cju7cue9b232j0801qdzk1ykj.jpg,613,528,8.660524494537546,1,1.1412429378531073,92.42830527954916,47.980946573944635
Kvasir-SEG,train,cju7cufm7298k0755j09uf3of.jpg,614,531,11.819626173957317,1,1.087962962962963,97.59621389180269,57.52372092995359
Kvasir-SEG,train,cju7d1tvt25bu08019dvw3uff.jpg,571,531,27.811583734882138,1,1.1091445427728615,94.668127743642,46.166927115672486
Kvasir-SEG,train,cju7d3oc82cho0755dajlwldz.jpg,622,529,17.205003677386806,1,0.805111821086262,113.07659297710295,58.45782803404747
Kvasir-SEG,train,cju7d5m0p23kn09871rk7pu3v.jpg,563,531,38.03306874324727,1,0.8154761904761905,89.30000367950815,58.13696917316081
Kvasir-SEG,train,cju7d6ux323ze0987xos3srkx.jpg,621,527,37.37804300464147,1,0.9496567505720824,83.7353628688502,54.96717864858515
Kvasir-SEG,train,cju7da88w2eod0755wejzynvt.jpg,622,484,3.4552629481012995,1,1.0263157894736843,87.58286718397066,61.30115819407822
Kvasir-SEG,train,cju7dda8w2br20818zhsuz8s7.jpg,564,530,36.73892680315804,1,0.9475,82.64116486016326,64.75343959566996
Kvasir-SEG,train,cju7ddtz729960801uazp1knc.jpg,622,528,17.246723667543602,1,0.9814814814814815,111.02862832505116,56.29838367656058
Kvasir-SEG,train,cju7deifq2fzn0755lc8idyh8.jpg,626,547,7.830688448756214,1,0.9948979591836735,112.02902850868227,57.55390630163641
Kvasir-SEG,train,cju7dff9529h208503w60lbil.jpg,619,530,51.2027920870546,1,0.9137254901960784,89.91656963452921,54.859501641694884
Kvasir-SEG,train,cju7dglf226g50987ohbthl19.jpg,621,528,16.887168789342702,1,1.0684039087947883,110.46211511247743,64.24753480407587
Kvasir-SEG,train,cju7dhpsc2dnn0818025m6857.jpg,554,531,49.17565794393794,1,0.9222222222222223,102.39726148469953,67.64989881136007
Kvasir-SEG,train,cju7dmlgf2ebw0871ieqas5fh.jpg,608,529,8.711819719430903,3,0.9583975064173084,102.96819035419361,67.39683591648836
Kvasir-SEG,train,cju7do8c72dbo0801vxfzxdc4.jpg,626,547,4.10750477481003,1,0.8076923076923077,102.73075620141229,56.142924292996945
Kvasir-SEG,train,cju7dp3dw2k4n0755zhe003ad.jpg,626,546,6.519385832484874,1,0.9629629629629629,104.707451228218,55.38292446435984
Kvasir-SEG,train,cju7dqcwi2dz00850gcmr2ert.jpg,622,528,5.452535808243204,1,0.9807692307692307,113.00050850141284,62.017806654294986
Kvasir-SEG,train,cju7dtb1e2j0t0818deq51ib3.jpg,622,528,16.141722693169637,1,0.6329479768786127,116.6271740719088,58.8309873306594
Kvasir-SEG,train,cju7dubap2g0w0801fgl42mg9.jpg,623,528,25.321331290432415,1,1.0212765957446808,110.03172576487184,58.38511752272919
Kvasir-SEG,train,cju7dvl5m2n4t0755hlnnjjet.jpg,537,530,2.7708091774709254,1,0.9351851851851852,66.8492639049928,46.246490926558224
Kvasir-SEG,train,cju7dymur2od30755eg8yv2ht.jpg,622,530,14.071770915488685,1,0.8714285714285714,91.17976399927198,56.87741037293431
Kvasir-SEG,train,cju7dz5yy2i7z0801ausi7rna.jpg,619,529,2.881957911260005,1,0.9067796610169492,117.5793996659042,63.2949799600845
Kvasir-SEG,train,cju7ebe962hr409872ovibahw.jpg,622,530,43.672875083419285,1,2.033112582781457,100.74239822847782,61.78440087882401
Kvasir-SEG,train,cju7eea9b2m0z0801ynqv1fqu.jpg,1224,1012,11.344180293988478,2,0.879444429529,112.04520912449301,50.30758929257795
Kvasir-SEG,train,cju7efffp2ivf0817etg3jehl.jpg,626,546,43.57131154255755,1,0.8212180746561886,63.98054102447074,40.957799777586246
Kvasir-SEG,train,cju7ekbo32pft0871fv7kzwb9.jpg,571,521,3.046142572380341,1,1.188118811881188,101.20601295501376,76.64869655331134
Kvasir-SEG,train,cju7el6xv2k520817qxx9wdr5.jpg,626,546,25.203922807756673,1,1.1823899371069182,86.34700523119054,69.54254215944195
Kvasir-SEG,train,cju7emdni2py40871ivhxjtut.jpg,622,529,35.432381670202226,1,0.6601941747572816,106.51063099094938,66.2211401891361
Kvasir-SEG,train,cju7eotqi2qea0871y8yc7tqh.jpg,626,546,65.14499877119685,1,1.0714285714285714,93.60513873772659,60.80881914342763
Kvasir-SEG,train,cju7er4kc2opa0801anuxc0eb.jpg,622,528,17.30670856474715,1,1.2156862745098038,89.96357668323103,87.5755034047781
Kvasir-SEG,train,cju7es23b2vcp0755gpbm9s7v.jpg,584,529,37.37181811119455,1,0.8361445783132531,103.709519123702,84.02226676847768
Kvasir-SEG,train,cju7et17a2vjk0755e743npl1.jpg,626,546,4.053002375686082,2,0.8263531168346399,105.26360753197814,60.93869582697792
Kvasir-SEG,train,cju7eueum2oqn0850rodmx8zo.jpg,562,530,8.461693413012824,1,1.0677966101694916,102.59301013899147,60.07393160599465
Kvasir-SEG,train,cju7ev2b12owa08500bpfpwyw.jpg,622,530,19.16095370988291,1,1.0152439024390243,92.97654249833161,54.735959322799275
Kvasir-SEG,train,cju7ez7r22qbc08015xfoz2wb.jpg,612,530,32.96306572943643,1,1.4567901234567902,87.53249475890985,60.64837159309145
Kvasir-SEG,train,cju7ezs7g2mxm098787atbran.jpg,622,530,4.71849784626585,1,0.8709677419354839,78.07819268337074,56.157620008170795
Kvasir-SEG,train,cju7f4sc62xqj075597xpmuoy.jpg,626,547,13.969896794014403,1,0.8467153284671532,88.39971730788325,67.7935799021319
Kvasir-SEG,train,cju7f900s2o0k08175gl1giid.jpg,622,529,18.424619648794362,1,0.7425474254742548,112.07206462475459,57.97073557307592
Kvasir-SEG,train,cju7f9umg2olj0987fj5y285w.jpg,622,529,14.640862149660524,1,1.0881226053639848,100.56139716385341,65.37371318810514
Kvasir-SEG,train,cju7fazv92ywx0755xov2erga.jpg,605,528,33.42536939644378,1,1.0942857142857143,99.99392061106937,80.7544589417446
Kvasir-SEG,train,cju7fcgbe2z3p07550vaflqdb.jpg,620,530,9.517954960438223,1,1.0194174757281553,83.71340839926962,59.84559551770298
Kvasir-SEG,train,cju7fd6yt2p740987wkr8exo1.jpg,613,530,3.090276709039983,1,0.9495798319327731,86.4271014805011,68.99040076517258
Kvasir-SEG,train,cju7ff97z2ow40817u2r83my5.jpg,622,529,2.8592442210322213,1,1.2524271844660195,107.67819218448933,63.99497720045583
Kvasir-SEG,train,cju7fmvpk2q170987v6i3ola8.jpg,620,531,18.392260494502157,1,0.7303030303030303,84.4484842962153,58.253430013153576
Kvasir-SEG,train,cju7fob3x301u0755x985pmmq.jpg,577,528,11.835644136337377,1,1.0510638297872341,108.94109750013129,62.4289982182307
Kvasir-SEG,train,cju7fpfzq2wyf0818xxd1oziv.jpg,570,530,20.67229394240318,1,0.7063711911357341,93.96973849718636,55.47724940388798
Kvasir-SEG,train,cju7fq7mm2pw508176uk5ugtx.jpg,571,506,30.143358507022562,1,1.0212121212121212,84.26046807833147,64.99561385310416
Kvasir-SEG,train,cju7frtqu2xa20818wq8r9fzf.jpg,619,531,17.786113925321505,1,0.7485380116959064,91.4112580585295,56.200445329928556
Kvasir-SEG,train,cju7g7ba42z310987bqzbi2bq.jpg,588,530,36.84732383519446,1,0.6848249027237354,95.94916891284815,52.4109137067537
Kvasir-SEG,train,cju83h9ysjwe808716nt35oah.jpg,571,531,4.676765577949941,1,1.2230769230769232,83.81276117163202,47.62438744618826
Kvasir-SEG,train,cju83ipu3jwpx0801z5pvguf8.jpg,622,529,3.0403783149666603,1,2.0823529411764707,99.69051294987206,69.24571368535766
Kvasir-SEG,train,cju83k8fyjsxr0817d6nxs6r4.jpg,621,528,11.072073390913971,1,1.4974358974358974,116.69498731274093,58.326758880437474
Kvasir-SEG,train,cju83kxitjv340987z09m0ezy.jpg,626,546,4.026085735350911,1,1.2834645669291338,92.2836165432012,63.696059115867286
Kvasir-SEG,train,cju83nwu1jxte0987h1krpfmv.jpg,621,528,9.418154979749183,1,1.1538461538461537,122.77828709803347,51.24293482039847
Kvasir-SEG,train,cju83qd0yjyht0817ktkfl268.jpg,572,531,42.020597105342866,1,1.1202046035805626,96.3967971764582,56.452695702751235
Kvasir-SEG,train,cju83syhdk6gs0801rf1rekdl.jpg,626,546,9.21046472164683,1,0.9216589861751152,101.57490432889794,63.597028601119646
Kvasir-SEG,train,cju83u9ftk3ni0987qnhlcinv.jpg,576,476,30.410758053221286,1,0.8599439775910365,91.71453373015873,80.00662095485488
Kvasir-SEG,train,cju83vvmik9wa08710yeh7cuk.jpg,570,530,7.200264812975836,1,0.8205128205128205,96.95498841443231,40.804202307603234
Kvasir-SEG,train,cju83wwn1k55e0850kw6i2d81.jpg,622,527,7.025143840338749,1,0.9319371727748691,84.0231303806659,65.97224513592074
Kvasir-SEG,train,cju83yddek68q0850d2x7zfkm.jpg,622,529,17.762386107379694,1,0.8517350157728707,120.45328199174564,60.18621525955092
Kvasir-SEG,train,cju8402x1kcy70801t6kz6bdi.jpg,626,547,16.95773051965119,1,1.0,102.56239085105513,58.118484106229005
Kvasir-SEG,train,cju8418jhkf7d0818ga2v0xq0.jpg,626,546,41.354199581036646,1,0.7867203219315896,92.99332350290817,60.06158075306985
Kvasir-SEG,train,cju8432cmkgq90871cxe4iptl.jpg,626,546,30.073201558824564,1,1.1904761904761905,92.44503153928073,55.5990985360468
Kvasir-SEG,train,cju843yjskhq30818qre4rwm2.jpg,547,437,5.4748388338304625,1,0.4392523364485981,88.9072619949046,64.68254330987045
Kvasir-SEG,train,cju846ec0kj7z08012o10klrb.jpg,616,530,9.856652781181083,1,0.6771653543307087,67.43607877971085,42.53354471428332
Kvasir-SEG,train,cju847pxykriq0755268ktrk2.jpg,606,531,21.28091340207467,1,0.9543269230769231,103.70477273716072,61.891422878058826
Kvasir-SEG,train,cju849c23kgnk0817cgv2hw1e.jpg,622,531,8.047062812990111,1,0.9803921568627451,112.41974736740119,50.12680335861889
Kvasir-SEG,train,cju84ih17kp5l09876bkooocl.jpg,622,531,11.019371325110058,1,0.6524822695035462,112.94629740645873,51.734044604327536
Kvasir-SEG,train,cju8567gdlcbq0801dwwyo2jt.jpg,570,530,30.092684541542535,1,1.1829652996845426,98.2479179079775,39.1665773460086
Kvasir-SEG,train,cju857ad0l88m0817qx4cwxnf.jpg,623,529,12.703334981961179,1,0.8689138576779026,116.7957774898579,48.15260386064639
Kvasir-SEG,train,cju85a8h8llwm07559wxg4t5w.jpg,622,529,5.874397486004656,1,0.7593582887700535,98.98326940961226,61.72541509724577
Kvasir-SEG,train,cju85bf1algsq0871y9gtlq97.jpg,475,528,8.502392344497608,1,0.9132653061224489,80.40012759170654,50.866879238778665
Kvasir-SEG,train,cju85c2d4ln1b0755zz1z3onx.jpg,599,531,1.3324152935369369,1,1.0405405405405406,60.70404849262267,41.563440459707
Kvasir-SEG,train,cju85citjlnfm0755i4rk5tqj.jpg,623,547,2.3452011702530364,1,0.8596491228070176,93.51183311276156,71.75022883902105
Kvasir-SEG,train,cju85dx63lic408017f0l0400.jpg,595,528,3.081232492997199,1,1.375,96.2831200662083,52.95362347499939
Kvasir-SEG,train,cju85fc11ljr40818edpb0inh.jpg,607,528,31.882769207728025,1,0.9772727272727273,104.2198342569018,62.02195922962391
Kvasir-SEG,train,cju85ia1slh220987y7c20sm2.jpg,622,528,7.332773068303615,1,1.0887573964497042,117.98290582675631,57.83573662890502
Kvasir-SEG,train,cju85je7vlht70817c9jcjwi4.jpg,1220,1011,35.823158372654895,1,0.9406565656565656,138.29659483387653,61.12924810110049
Kvasir-SEG,train,cju85mpuglq8k0818d2it6hzb.jpg,615,546,18.018999970219483,1,0.7202380952380952,79.29802555168409,64.66084740047847
Kvasir-SEG,train,cju85nr8elly209872w9n5m0s.jpg,615,529,6.0998662916685875,1,0.9523809523809523,86.33173805462062,65.90979362358651
Kvasir-SEG,train,cju85omszllp30850b6rm9mi3.jpg,622,531,12.251348847348629,1,0.9424778761061947,90.16962474491496,55.61880458224049
Kvasir-SEG,train,cju85plp7lmkw0850rx42jdpf.jpg,596,530,30.678738761555017,1,0.638477801268499,90.24378561479043,60.168823519085805
Kvasir-SEG,train,cju85rkbnlo1c08503uxcpax1.jpg,622,531,17.109015931840062,1,0.9340277777777778,87.38679976504926,58.55561148360415
Kvasir-SEG,train,cju87kbcen2av0987usezo8kn.jpg,591,530,6.093924592152731,2,0.7928709055876686,88.76910896146602,65.70822523290387
Kvasir-SEG,train,cju87li0zn3yb0817kbwgjiz8.jpg,562,449,63.29367752776038,1,1.0448430493273542,65.22856248365288,41.4990679903501
Kvasir-SEG,train,cju87mrypnb1e0818scv1mxxg.jpg,615,530,4.078539653321061,1,0.78125,96.88341463414635,58.01908178101238
Kvasir-SEG,train,cju87q6yoneim0871dl4phvkd.jpg,626,546,25.841730154829197,1,0.9679802955665024,100.38850952029865,58.698114628436755
Kvasir-SEG,train,cju87r56lnkyp0755hz30leew.jpg,566,429,30.805472501585573,1,0.9154078549848943,102.19169405388487,58.071990147037454
Kvasir-SEG,train,cju87tyddnnad0755bj0wxahe.jpg,551,477,45.14566616063038,1,1.2768361581920904,76.05943453298177,66.92527108204266
Kvasir-SEG,train,cju87vqa0ndwg0850onjdz7ol.jpg,556,530,67.33168182435185,1,1.049056603773585,84.3941597665264,66.12335956188838
Kvasir-SEG,train,cju87xn2snfmv0987sc3d9xnq.jpg,604,530,16.491940522304134,1,0.8898550724637682,80.78969448956641,72.24290039087091
Kvasir-SEG,train,cju87z6o6nh73085045bzsx6o.jpg,622,530,11.721773948917066,1,1.0491071428571428,67.08175392828976,61.616003393626215
Kvasir-SEG,train,cju87zv8lni0o0850hbbecbq6.jpg,622,528,1.417714118678749,1,1.2328767123287672,99.815331774335,63.90504809657069
Kvasir-SEG,train,cju884985nlmx0817vzpax3y4.jpg,581,529,1.840253262577721,2,0.9647184604419101,113.524107773248,69.59751894079152
Kvasir-SEG,train,cju888fr7nveu0818r9uwtiit.jpg,571,530,13.151042527178403,1,0.6079734219269103,122.48292304133761,45.99273705164501
Kvasir-SEG,train,cju88aq6vo1ij0755c2ey7z7n.jpg,570,530,23.964250248262164,1,0.8926380368098159,90.95803376365441,51.18513605306515
Kvasir-SEG,train,cju88cddensj00987788yotmg.jpg,622,531,5.651534143550057,1,0.7821229050279329,83.14554834959216,60.10679072676684
Kvasir-SEG,train,cju88evxanv9r08176zkeovec.jpg,570,530,14.292949354518372,1,0.914364640883978,63.75340615690169,41.402544179056484
Kvasir-SEG,train,cju88gx09o2vk0818610zody3.jpg,626,547,6.96859430760874,1,0.9641025641025641,90.50297001944969,56.62678385920488
Kvasir-SEG,train,cju88l66no10s0850rsda7ej1.jpg,571,530,81.18197138419852,1,0.9716446124763705,104.89867494960843,41.79974994927771
Kvasir-SEG,train,cju88msmoo3470817m441j4sg.jpg,615,530,15.287007209694739,1,0.8065573770491803,83.30600398834177,64.65908555523163
Kvasir-SEG,train,cju88nroho44508500129f1nh.jpg,621,530,2.5691975815027495,1,0.8461538461538461,95.5142496885729,57.65121386957516
Kvasir-SEG,train,cju88oh0po9gq0801nge4tgr1.jpg,604,531,3.8288372557089585,1,1.0236220472440944,94.44037864331949,61.332682194047074
Kvasir-SEG,train,cju88q6h6obpd0871ckmiabbo.jpg,626,546,10.43341642383176,3,1.1761199936121411,102.39140598485646,63.82021972594673
Kvasir-SEG,train,cju88trl3ogi208716qvti51b.jpg,540,530,4.8403214535290005,1,0.7037037037037037,95.14223270440252,57.749384547024434
Kvasir-SEG,train,cju88v2f9oi8w0871hx9auh01.jpg,626,546,2.2332034312864986,1,0.8482142857142857,102.89957752577561,62.85542729585132
Kvasir-SEG,train,cju88vx2uoocy075531lc63n3.jpg,596,508,3.3121069597843897,1,1.3,85.97604106114252,52.04278885115611
Kvasir-SEG,train,cju88y1mwoln50871emyfny1g.jpg,621,529,35.4233826166102,1,1.0962962962962963,94.41951362063139,72.32768627877984
Kvasir-SEG,train,cju890guyoiti098753yg6cdu.jpg,626,547,11.402596795766627,1,0.8695652173913043,90.57153161887963,52.04229382309614
Kvasir-SEG,train,cju8914beokbf0850isxpocrk.jpg,626,547,2.060615264206155,1,1.0097087378640777,112.4336695656237,50.42665084420185
Kvasir-SEG,train,cju893jmdompz0817xn3g1w4h.jpg,626,547,16.1292206692327,1,0.9087719298245615,108.53348791841645,54.513810810968884
Kvasir-SEG,train,cju89y9h0puti0818i5yw29e6.jpg,626,547,28.737055446203808,1,0.8032407407407407,121.41314810380175,51.06937868289086
Kvasir-SEG,train,cju89z6pqpqfx0817mfv8ixjc.jpg,622,531,1.4850945555616109,1,1.661764705882353,97.99526465263018,58.459375896796864
Kvasir-SEG,train,cju8a2itsq4dv0755ntlovpxe.jpg,582,531,3.834106690999929,1,0.8095238095238095,90.24665255855192,63.11822544444341
Kvasir-SEG,train,cju8a3nhbpwnb0850d37fo2na.jpg,622,528,5.9336329533274865,1,1.1474358974358974,112.03392343856572,60.16768500348049
Kvasir-SEG,train,cju8a56vxpy780850r45yu4wk.jpg,584,530,12.529077280951151,1,0.9717741935483871,98.792258981649,59.40054137703071
Kvasir-SEG,train,cju8a84g0q76m0818hwiggkod.jpg,554,529,46.15513229101977,1,0.906318082788671,80.81078323654057,59.994398905840164
Kvasir-SEG,train,cju8adb60qbiu080188mxpf8d.jpg,623,528,8.01048202733596,1,0.9945652173913043,103.28727078165281,78.17297966953865
Kvasir-SEG,train,cju8aeei7q8k308173n9y4klv.jpg,606,528,6.62066206620662,1,0.8641304347826086,91.96691231623163,44.566197300014736
Kvasir-SEG,train,cju8aj01yqeqm0850lhdz3xdw.jpg,622,531,21.06442373486899,1,1.0576271186440678,74.97689550142,52.167858088877416
Kvasir-SEG,train,cju8alhigqn2h0801zksudldd.jpg,614,528,29.60097719869707,1,1.028169014084507,112.31572648307176,63.00579224224745
Kvasir-SEG,train,cju8amfdtqi4x09871tygrgqe.jpg,622,530,13.358308560334892,1,0.7985611510791367,94.13258508766609,54.5677729622211
Kvasir-SEG,train,cju8ando2qqdo0818ck7i1be1.jpg,570,530,8.390930155577623,1,0.6523605150214592,95.12937768950678,46.32802949288008
Kvasir-SEG,train,cju8ashhnquqr0801rwduzt7d.jpg,1220,1011,7.229410906260641,1,0.8518518518518519,130.89744369314587,55.227689591115194
Kvasir-SEG,train,cju8at3s1qqqx0850hcq8nmnq.jpg,593,529,2.6576600987577184,1,0.921875,63.843750498092106,56.75348533684962
Kvasir-SEG,train,cju8auylgqx0z0871u4o4db7o.jpg,622,531,2.8284920159136737,1,1.1359223300970873,104.70964206344881,59.41625235775674
Kvasir-SEG,train,cju8aw9n1qyg10801jkjlmors.jpg,622,530,25.93490262694898,1,0.825065274151436,94.80083722623309,57.792336552489544
Kvasir-SEG,train,cju8ayeq7r1fb0818z1junacy.jpg,602,528,4.170127353266888,1,0.8435374149659864,114.85012080942313,65.1718683132975
Kvasir-SEG,train,cju8azmhcr66e0755t61atz72.jpg,548,531,17.778052703204256,1,0.7328990228013029,101.379757928162,62.21382738687273
Kvasir-SEG,train,cju8b0jr0r2oi0801jiquetd5.jpg,621,528,5.733970136144049,1,0.8202247191011236,116.9702611867467,59.243996565858026
Kvasir-SEG,train,cju8b1v3br45u087189kku66u.jpg,626,546,24.502334725976898,1,0.8156424581005587,92.11513007759014,57.515354669540564
Kvasir-SEG,train,cju8b2rmgr52s0801p54eyflx.jpg,587,530,16.64684516730417,1,1.216867469879518,94.15696377487062,64.55048598230313
Kvasir-SEG,train,cju8b3ka8r64u0801fh18hk7l.jpg,626,546,3.5193507238235675,1,0.7586206896551724,114.19845170803637,51.39761994595471
Kvasir-SEG,train,cju8b4ja9r2s808509d45ma86.jpg,623,529,22.033152591127145,1,0.7630853994490359,110.05159497158392,66.91191646045257
Kvasir-SEG,train,cju8b542nr81x0871uxnkm9ih.jpg,622,531,1.9434907139959188,1,1.2650602409638554,87.12730636244179,57.4590748267035
Kvasir-SEG,train,cju8b5p40r2c60987ofa0mu03.jpg,598,531,4.599134591765395,1,1.1603053435114503,99.65142124722081,58.73551976712669
Kvasir-SEG,train,cju8b6rp0r5st0850184f79xt.jpg,626,546,27.48657093705017,1,0.7429245283018868,92.87412667205,69.42026514729488
Kvasir-SEG,train,cju8b7aqtr4a00987coba14b7.jpg,622,530,3.5005763513923434,1,1.1935483870967742,101.65529029909604,58.8840973999119
Kvasir-SEG,train,cju8bafgqrf4x0818twisk3ea.jpg,531,530,17.50666240272892,1,1.0566037735849056,85.59478022954198,60.93112430681375
Kvasir-SEG,train,cju8bbznkrf5g0871jncffynk.jpg,619,531,22.76680996321751,1,0.8100263852242744,89.25615399359273,54.96048948188777
Kvasir-SEG,train,cju8bff9nrfi10850fmfzbf8v.jpg,437,529,11.013396893235802,1,0.9025641025641026,84.66050966159543,50.68574211296877
Kvasir-SEG,train,cju8bgdmqrksy0801tozdmraa.jpg,622,529,4.263641281554106,1,1.2049180327868851,113.19889799962314,59.78524219560592
Kvasir-SEG,train,cju8bj2ssrmlm0871gc2ug2rs.jpg,469,449,0.4739268974883774,1,0.972972972972973,89.37297287029693,50.29982218282215
Kvasir-SEG,train,cju8bljw9rqk20801kr54akrl.jpg,621,529,27.726181017871653,1,0.8825065274151436,95.57528104252852,48.71670360897229
Kvasir-SEG,train,cju8bm24yrrdp081829mbo8ic.jpg,626,546,7.6586618918887295,1,0.7420814479638009,108.04283256679423,63.626124521834264
Kvasir-SEG,train,cju8bop5jrsid08716i24fqda.jpg,622,531,7.344935539932543,1,1.0574712643678161,102.32798335967446,55.14658659649783
Kvasir-SEG,train,cju8bqxxurs6i0850mu7mtef9.jpg,600,528,12.892045454545453,1,0.9346938775510204,119.25465277777778,55.56061164263928
Kvasir-SEG,train,cju8brv16rx7f0818uf5n89pv.jpg,622,529,2.608209386149928,1,1.1067961165048543,108.21048632680724,56.32182947731222
Kvasir-SEG,train,cju8bssulrrcy0987h1vq5060.jpg,548,531,18.36673677265042,1,1.348623853211009,95.83118204187114,49.12856883959267
Kvasir-SEG,train,cju8buos5rz9b08715lfr0f4f.jpg,576,530,21.55005241090147,1,1.6544715447154472,70.9959872903564,65.03239189682047
Kvasir-SEG,train,cju8bw697rwg308177tg8huas.jpg,581,531,43.68336947467027,1,0.86,101.51992959732392,64.5991732546119
Kvasir-SEG,train,cju8bysfgrzkl081786jwac09.jpg,619,471,17.402906544011472,1,1.2533333333333334,97.73498794370758,68.16724635661005
Kvasir-SEG,train,cju8bzzy2s66m08016z6mouqt.jpg,622,529,6.816841823740723,1,0.9542857142857143,113.48922009008078,61.40893534888078
Kvasir-SEG,train,cju8c3xs7sauj0801ieyzezr5.jpg,626,546,22.682243209399758,1,0.9027355623100304,84.40626572575454,61.49699796828817
Kvasir-SEG,train,cju8c5223s8j80850b4kealt4.jpg,619,529,7.1265624475112315,1,0.5858895705521472,111.21045286164953,61.70967945167453
Kvasir-SEG,train,cju8c5mxls96t0850wvkvsity.jpg,609,531,12.99960727196262,1,0.9510204081632653,91.21918244536596,57.44880055579457
Kvasir-SEG,train,cju8c5zcbsdfz0801o5t6jag1.jpg,626,546,2.62144671090358,1,1.0909090909090908,103.27443270254771,62.54580117288249
Kvasir-SEG,train,cju8c6hnxsdvr0801wn0vrsa6.jpg,617,531,1.107356841774335,1,1.5689655172413792,92.86196803071786,65.12794096498945
Kvasir-SEG,train,cju8c82iosagu0817l74s4m5g.jpg,626,547,36.34959202387697,1,0.7701149425287356,109.08213549363067,62.14678363549326
Kvasir-SEG,train,cju8cbsyssiqj0871gr4jedjp.jpg,571,531,14.315586030389083,1,0.9058823529411765,84.54604371357614,57.9427000673579
Kvasir-SEG,train,cju8ceacrsqkr0755hdz145es.jpg,566,492,3.9174495101841478,1,1.3457943925233644,103.76473397684506,67.0241541763083
Kvasir-SEG,train,cju8cgi2kspp308011nxdtjp6.jpg,619,530,2.9429694882189774,1,0.9912280701754386,82.53184076569025,70.74550791584913
Kvasir-SEG,train,cju8chdlqsu620755azjty1tj.jpg,622,530,10.541163623126858,1,0.7863247863247863,104.0783564885033,60.04454339042867
Kvasir-SEG,train,cju8chxndsre008015uisl4si.jpg,605,444,3.6076986076986075,1,1.1272727272727272,78.66181594817958,55.04402294404921
Kvasir-SEG,train,cju8cwy02t9eq08185qn12c02.jpg,626,547,12.937544900736517,1,1.0995475113122173,103.4662842924812,56.907736841699894
Kvasir-SEG,train,cju8czvnztbf40871b4m7t78w.jpg,626,546,13.351823894954887,1,1.071969696969697,109.59149902280893,64.19077629617497
Kvasir-SEG,train,cju8d4jgatgpj0871q2ophhkm.jpg,622,531,14.567854136767973,1,0.8309352517985612,88.45565304800141,56.72629343164829
Kvasir-SEG,train,cju8dic9mtppa0987swn23wbc.jpg,611,531,24.522486368862133,1,1.5228070175438597,88.92723484393156,60.22209484273888
Kvasir-SEG,train,cju8dm2cau2km0818jsv9eeq2.jpg,626,547,11.75333360590149,1,1.4739130434782608,79.73699703874166,60.848388196283196
Kvasir-SEG,train,cju8dpa89u6l80818dj6lldh9.jpg,623,529,11.939909032154311,1,1.0984251968503937,100.5341068735644,60.89429092069713
Kvasir-SEG,train,cju8dqkrqu83i0818ev74qpxq.jpg,1348,1070,59.620829751241025,1,1.3527638190954774,122.53494758590088,58.34785270896552
Kvasir-SEG,train,cjyzjzssvd8pq0838f4nolj5l.jpg,720,576,3.4235146604938276,1,0.35826771653543305,92.59360291280865,59.92950793367306
Kvasir-SEG,train,cjyzkmjy8evns070165gf9dmq.jpg,720,576,9.722222222222223,1,0.8333333333333334,78.73642698688272,64.61435022993233
Kvasir-SEG,train,cjyzkpsbjdsjq07211dfi4sru.jpg,720,576,2.4580439814814814,1,2.107142857142857,86.52261284722222,62.37011882669005
Kvasir-SEG,train,cjyzl833ndne80838pzuq6ila.jpg,720,576,13.537808641975307,1,0.6932515337423313,87.70924238040124,68.63714405350963
Kvasir-SEG,train,cjyzu3reghjya0794w7pwoi50.jpg,720,576,12.073688271604938,1,0.9307958477508651,93.31683304398148,61.46709628535879
Kvasir-SEG,train,cjyzu9th0qt4r0a46pyl4zik0.jpg,720,576,6.599151234567902,1,0.9151785714285714,81.43063512731482,53.631353596488665
Kvasir-SEG,train,cjyzuio1qgh040763k56deohv.jpg,720,576,1.2497588734567902,1,0.8494623655913979,96.90935329861111,66.1508430101776
Kvasir-SEG,train,cjyzul1qggwwj07216mhiv5sy.jpg,1920,1072,4.565745491293533,1,0.9713467048710601,85.5004591301306,58.80421991915805
Kvasir-SEG,train,cjyzurzvohqnr0794es1itzek.jpg,720,576,14.736207561728396,1,0.6627565982404692,79.16348379629629,56.47205701812653
Kvasir-SEG,train,ck2395w2mb4vu07480otsu6tw.jpg,720,576,12.433207947530864,1,0.8709677419354839,75.62135175540124,72.02597714643007
Kvasir-SEG,train,ck2bxknhjvs1x0794iogrq49k.jpg,603,528,11.980187446605358,2,0.7543281419775444,86.39210199004975,55.39056181307597
Kvasir-SEG,train,ck2bxpfgxu2mk0748gsh7xelu.jpg,621,531,6.669881213400414,1,0.9574468085106383,87.41253855181637,57.23968760888372
Kvasir-SEG,train,ck2bxqz3evvg20794iiyv5v2m.jpg,720,576,8.724922839506172,1,0.9739130434782609,92.158984375,75.45401212913485
Kvasir-SEG,train,ck2bxskgxxzfv08386xkqtqdy.jpg,585,530,7.093049508143848,2,0.6921373798466357,99.15601677148847,59.40327900482801
Kvasir-SEG,val,cju0qkwl35piu0993l0dewei2.jpg,622,529,28.277281043526887,1,1.177710843373494,117.474312997283,55.12305221861372
Kvasir-SEG,val,cju0sr5ghl0nd08789uzf1raf.jpg,1214,1019,13.352965807806536,2,1.0362451516538582,117.253721305088,64.24607836269652
Kvasir-SEG,val,cju14hjh2ob2o0835ouz3r5aa.jpg,609,546,12.54744161148102,1,0.932806324110672,93.3320251177394,58.019293422988575
Kvasir-SEG,val,cju15czxqp3lv0835jvhgzurz.jpg,620,547,27.298755676121957,1,1.02020202020202,90.99111871203633,62.08324450481198
Kvasir-SEG,val,cju1bm8063nmh07996rsjjemq.jpg,607,530,24.37350408753225,1,0.9114285714285715,78.85926766342358,54.520168970227616
Kvasir-SEG,val,cju1brhsj3rls0855a1vgdlen.jpg,570,530,3.9870903674280043,1,1.0303030303030303,103.62990731545845,39.79908357301609
Kvasir-SEG,val,cju1cj3f0qi5n0993ut8f49rj.jpg,616,530,23.469125214408233,1,0.96,86.32813036020583,59.536384532682106
Kvasir-SEG,val,cju1cnnziug1l0835yh4ropyg.jpg,570,531,19.26917104437176,1,1.2417582417582418,64.87797270955166,55.25516313110454
Kvasir-SEG,val,cju1csmlc4ht10799b8ymmghg.jpg,612,546,13.081771170006466,1,0.996,89.4066622375446,60.15153323395347
Kvasir-SEG,val,cju1drnhbrb9409935wi7vkhg.jpg,619,529,36.52882415995065,1,1.0458333333333334,103.62750762709535,73.2565249657084
Kvasir-SEG,val,cju1expq45zst0855rjqwwj4m.jpg,622,529,28.221360450768607,1,0.8666666666666667,112.7525452987193,64.94451079576665
Kvasir-SEG,val,cju1fr4etsmrr09933u4t4aql.jpg,570,521,27.968818399164896,1,0.8870056497175142,82.2026029565276,69.79282724257284
Kvasir-SEG,val,cju1hmff8tkp809931jps6fbr.jpg,587,530,39.06335379769214,1,1.1706036745406825,85.88643245154447,60.11770865878558
Kvasir-SEG,val,cju2hewssldzx0835ep795xu0.jpg,576,530,4.234800838574423,1,0.7986577181208053,68.79039897798742,44.844062058695684
Kvasir-SEG,val,cju2hjrqcvi2j0801bx1i6gxg.jpg,599,531,1.54872056063307,2,1.1048387096774195,82.57543174594191,55.699124130062536
Kvasir-SEG,val,cju2htabevq9108015qjei0x7.jpg,332,487,45.711387645036,1,0.7957559681697612,99.87953044209694,69.55204354421097
Kvasir-SEG,val,cju2nyc5f02m40801ojqbtiea.jpg,622,531,9.726536717108411,1,1.0392156862745099,101.85310128920135,59.55534264043085
Kvasir-SEG,val,cju2oo0wh0bqy0878biujeyhe.jpg,621,530,8.231094096557591,1,1.0104166666666667,75.60758059125574,62.360169086048096
Kvasir-SEG,val,cju2qdj95ru8g09886gfi9rsz.jpg,571,531,42.81021500588718,1,1.2487437185929648,102.77404098271444,65.01361932493684
Kvasir-SEG,val,cju2r11x7sdgx0988o8ule0wl.jpg,622,528,13.883002046185325,1,1.176954732510288,110.1253440758063,62.86243299349607
Kvasir-SEG,val,cju2rn0hasxri0835nfy3buay.jpg,622,531,3.330487280566304,1,1.1376146788990826,91.04524315584864,59.78719457239879
Kvasir-SEG,val,cju2spdagu1l50835da1f46fr.jpg,465,525,4.323604710701485,1,0.8428571428571429,98.6308407578085,75.72258832063375
Kvasir-SEG,val,cju2ti1du4idn0878giuozonw.jpg,571,530,10.684664441727522,1,0.7290836653386454,96.70563394243796,44.96556836602596
Kvasir-SEG,val,cju2trbpkv0c00988hxla5dzz.jpg,610,531,17.77252940631657,1,1.2341269841269842,86.35026396221173,62.32445568471504
Kvasir-SEG,val,cju2ueb6j5ado0878vf5md13o.jpg,1348,1070,9.750963698383206,2,1.3205339795683875,114.69078038769794,41.587587886702735
Kvasir-SEG,val,cju2uokeg5jm20799xwgsyz89.jpg,570,530,31.1770936775902,1,1.31055900621118,82.55079443892751,42.85518703502684
Kvasir-SEG,val,cju2upu4evw7g08358guwozxv.jpg,616,528,5.05737160566706,1,1.1619718309859155,112.64199318673751,72.35032735030869
Kvasir-SEG,val,cju2uwz9f5yf1085506cfamfx.jpg,1220,1011,26.253749736505,1,1.1430868167202572,99.58779653321659,61.396865011593114
Kvasir-SEG,val,cju2wx0gh7fpz0878wwyd9ep8.jpg,616,529,5.904917388849336,1,1.1612903225806452,107.1485036702428,73.27975144873548
Kvasir-SEG,val,cju2z9vlp9j0w0801oag91sy9.jpg,622,531,6.77814715909435,1,1.1675675675675676,76.07185374922037,53.80721765444981
Kvasir-SEG,val,cju30525w04r10835ygp257sb.jpg,622,530,9.545895771400838,1,1.3954802259887005,92.98924952981861,51.262071272655525
Kvasir-SEG,val,cju30k2z40ds308353kdew70n.jpg,618,528,8.732654212023144,1,0.9253731343283582,113.87772751789743,56.95987048832683
Kvasir-SEG,val,cju30qbm1ad3x0855znuhpz9u.jpg,622,529,30.773953160425236,1,0.9571045576407506,87.22171299363599,57.27135731427264
Kvasir-SEG,val,cju323ypb1fbb0988gx5rzudb.jpg,604,530,38.00074971885543,1,1.28125,96.00458890416094,53.76302495432593
Kvasir-SEG,val,cju32gzs6xo8x0993r8tedbpb.jpg,626,547,13.133793973518056,2,3.493193017622985,103.90438990485424,58.761149061994765
Kvasir-SEG,val,cju32zhbnc1oy0801iyv1ix6p.jpg,622,531,25.251754561253716,1,0.7247706422018348,101.46953209681423,58.00702893555536
Kvasir-SEG,val,cju34aozyyy830993bn16u32n.jpg,609,530,26.566905226631967,1,0.6404255319148936,92.63694271462651,63.36404328380342
Kvasir-SEG,val,cju34repocy5208780gswillm.jpg,622,529,22.410177547882007,1,1.6680161943319838,115.98486193084082,60.65522084732105
Kvasir-SEG,val,cju358pwtdby20878cg7nm0np.jpg,581,528,4.468197465185416,1,0.725609756097561,74.89226060084493,48.51572544847158
Kvasir-SEG,val,cju3x4blzieu30850x10uuvbm.jpg,1210,1011,7.066401811478692,2,0.9596701615443459,125.57052178106939,63.83324661537161
Kvasir-SEG,val,cju3y54kwj3nr0801biidlb4e.jpg,620,546,57.98209854661468,1,1.0445344129554657,97.24923195084486,61.220043503058115
Kvasir-SEG,val,cju40m0rjkpw80871z6n6yg1u.jpg,586,528,21.46841710621574,2,1.7854464285714284,107.53515423001345,73.8513172776377
Kvasir-SEG,val,cju40wto5kxwi0755it190f2k.jpg,1348,1070,5.269350231564935,1,1.8242677824267783,111.83340428187138,47.457895295309925
Kvasir-SEG,val,cju426tomlhll0818fc0i7nvh.jpg,611,528,5.626022913256956,1,1.0,87.95515920249963,48.71500811086332
Kvasir-SEG,val,cju43kj2pm34f0850l28ahpni.jpg,622,528,1.2155315209977589,1,0.8607594936708861,116.62263105329825,60.11122940621323
Kvasir-SEG,val,cju43mkj9m8wb0871qiadahub.jpg,626,547,10.031481622092038,1,0.8283261802575107,89.7153658351391,60.32672907833097
Kvasir-SEG,val,cju45v0pungu40871acnwtmu5.jpg,606,530,14.370135126720218,1,0.9522184300341296,95.62199078398406,66.25990183694228
Kvasir-SEG,val,cju5bdwa3aatx0818b79i18zf.jpg,622,530,7.178001577382758,1,0.967391304347826,78.5719893223321,57.854111871833986
Kvasir-SEG,val,cju5ccpvqash50850kb4bs22k.jpg,592,482,16.081291353594256,1,0.8812260536398467,82.385755439049,68.40694527798875
Kvasir-SEG,val,cju5ddda9bkkt0850enzwatb1.jpg,618,530,3.4310313244183916,1,2.021978021978022,94.71660865848446,61.455147316854344
Kvasir-SEG,val,cju5eyfe9cpk90987laa7tsl3.jpg,622,530,27.258994115148944,1,0.9686609686609686,84.42844749135473,53.91334078017642
Kvasir-SEG,val,cju5f8hxdcxxn08188obby0ea.jpg,615,520,12.96998123827392,1,0.65,83.9211569731082,77.09722357250531
Kvasir-SEG,val,cju5hi52odyf90817prvcwg45.jpg,568,352,21.254801536491676,1,1.2122641509433962,103.07752980953906,55.91775425148153
Kvasir-SEG,val,cju5hqz50e7o90850e0prlpa0.jpg,595,528,20.5812324929972,1,0.8218390804597702,82.25917685255921,64.60294533808646
Kvasir-SEG,val,cju5huurrecm70801y680y13m.jpg,603,520,10.727452481183825,1,1.0813397129186604,87.05182740145426,60.75723314019665
Kvasir-SEG,val,cju5k3j3uf6de0817hszzfr7n.jpg,547,530,3.558000758856197,1,0.9105691056910569,80.99644372391433,64.86437080894041
Kvasir-SEG,val,cju5o4pk9h0720755lgp9jq8m.jpg,622,530,24.322028756901048,1,0.7094240837696335,88.84520414973002,67.84794410954909
Kvasir-SEG,val,cju5u6wf0kh1t0755bg1ssixv.jpg,571,530,40.20156626904141,1,1.0913461538461537,91.3544790668473,58.057207005485665
Kvasir-SEG,val,cju5vxuc5loxw0818u8xgf45p.jpg,626,546,10.576776790834298,1,0.8055555555555556,103.7265825229084,56.007393367715245
Kvasir-SEG,val,cju5wj0faly5008187n6530af.jpg,570,530,8.757365110890433,1,0.7798165137614679,87.0250082754055,44.277538892635796
Kvasir-SEG,val,cju5x28nzm7t907558ocq4bt7.jpg,597,546,13.854375663420889,1,0.9770992366412213,100.51612151109639,61.39438175085333
Kvasir-SEG,val,cju5yeqiwmkgl0801fzv2douc.jpg,570,531,20.68853867248158,2,0.8115256560908735,109.10652195460402,40.81900967219034
Kvasir-SEG,val,cju6ut4l8va6y0755tyw3vfqq.jpg,605,529,2.5999468824696526,1,1.088235294117647,103.1409989220266,67.53545463747994
Kvasir-SEG,val,cju6wll7wvo3y08502pagos8m.jpg,568,497,22.286181880012467,1,1.067524115755627,69.8583260124125,47.98644175783927
Kvasir-SEG,val,cju6x4t13vyw60755gtcf9ndu.jpg,621,529,21.147974636920143,1,0.6230366492146597,110.91980737209634,64.65829266385187
Kvasir-SEG,val,cju77j66ez52p08019xygi0co.jpg,613,530,3.129674659115393,1,1.8021978021978022,92.12843731724584,59.91783334663591
Kvasir-SEG,val,cju77k828z46w0871r0avuoo9.jpg,622,530,9.66753624946915,1,1.2486486486486486,70.43779348419584,68.02809546003397
Kvasir-SEG,val,cju7adqyj1jcx08712r1ro5gx.jpg,622,480,27.885852090032152,1,1.1121495327102804,91.29399785637727,54.9909917244076
Kvasir-SEG,val,cju7aez2x1jtj0871ztezs3oi.jpg,621,510,2.8912885605127716,1,1.0625,115.49153800006314,70.20175260427762
Kvasir-SEG,val,cju7b2l561oas0871decgslaf.jpg,569,531,8.772121440793807,1,1.092896174863388,87.77485528184047,46.31299752128469
Kvasir-SEG,val,cju7b5afm1nfw0801xqm8bf8q.jpg,599,531,5.659463827031241,1,0.9272727272727272,95.64587243648391,63.95997383717457
Kvasir-SEG,val,cju7ctvqn25dy08186g442m1r.jpg,622,531,13.821219442779201,1,0.8031746031746032,92.49075638393857,58.5406667651984
Kvasir-SEG,val,cju7d2q1k27nf08715zshsckt.jpg,620,530,21.897748021911138,1,1.260135135135135,88.36066646378576,53.467128900254316
Kvasir-SEG,val,cju7d4jk723eu0817bqz2n39m.jpg,615,530,12.571866850743978,1,0.7589928057553957,94.74919159380273,57.544328035867345
Kvasir-SEG,val,cju7d7tly27h408016fyp5nr7.jpg,528,528,15.618902089072545,1,0.7233333333333334,118.33374583907255,67.63674161404839
Kvasir-SEG,val,cju7dn24o296i09871qfxb8s2.jpg,626,547,14.840167979861107,1,0.9964664310954063,109.45551979720929,57.68485650182207
Kvasir-SEG,val,cju7druhp2gp308715i6km7be.jpg,626,546,32.21921848119931,1,1.6381766381766383,104.66492878793198,62.520474373099724
Kvasir-SEG,val,cju7ehljc2or70871261br8ai.jpg,569,531,54.5589943701409,1,0.8102466793168881,92.63350974220475,57.94138325466364
Kvasir-SEG,val,cju7evxt12m730987rxivne3x.jpg,510,528,37.91221033868093,1,0.6145610278372591,114.4192179144385,73.32971437015276
Kvasir-SEG,val,cju7f0ec32txj08184asb8w5f.jpg,604,445,6.684649155443114,1,0.948051948051948,77.51442071582707,54.013868681259154
Kvasir-SEG,val,cju7flevb2wii08188otgs9p2.jpg,600,528,66.01483585858587,1,0.9770554493307839,82.48156565656565,52.333197691613755
Kvasir-SEG,val,cju7fnfv02tt90801djnix9m8.jpg,622,528,1.9027696579947386,1,0.8787878787878788,108.4973052470038,63.61661686723361
Kvasir-SEG,val,cju83mki1jv5w0817kubxm31r.jpg,625,547,26.568775137111516,1,1.0831024930747923,108.1697462522852,63.98552608922976
Kvasir-SEG,val,cju84gpefknwm098714oq8q61.jpg,622,528,13.18358423462925,1,1.015625,115.79748246126863,57.972484853110686
Kvasir-SEG,val,cju84kplnl1y30755ropua1b0.jpg,622,528,48.916313456104454,1,0.7746212121212122,105.06557536782617,61.20098532995085
Kvasir-SEG,val,cju858eswlepn0871pzvdrhj1.jpg,570,530,22.614366103939094,1,0.939297124600639,81.69200595829196,48.95200554677954
Kvasir-SEG,val,cju85l4yjlops0801fvmnwptf.jpg,570,531,35.02461426636271,1,0.84,98.57367760266958,50.72424562956856
Kvasir-SEG,val,cju87ox0kncom0801b98hqnd2.jpg,626,546,6.512071528045969,1,0.868421052631579,94.01528397055553,61.960098864454594
Kvasir-SEG,val,cju885ikhnmkn09878s2lqtuh.jpg,570,530,9.928169480304536,1,0.875,92.06804700430321,49.065123082195
Kvasir-SEG,val,cju886ryxnsl50801r93jai7q.jpg,622,530,12.808651337741917,1,0.7697841726618705,94.15690104956622,54.50357736470425
Kvasir-SEG,val,cju88fpm4o0tl0871w1i6a4ds.jpg,611,423,2.3246006043652034,1,1.032258064516129,93.80337237331352,56.44723704118556
Kvasir-SEG,val,cju88itqbny720987hxizbj5y.jpg,570,530,21.29063224097981,1,0.9621451104100947,94.88559086395233,45.63848373039616
Kvasir-SEG,val,cju8a1jtvpt9m081712iwkca7.jpg,1348,1070,18.69096480767631,1,0.5242966751918159,115.98092570509444,44.67585517759653
Kvasir-SEG,val,cju8bk8oirjhw0817hgkua2w8.jpg,575,509,29.453147689416586,1,0.7304147465437788,94.65914410181942,72.61389789596295
Kvasir-SEG,val,cju8bpctzrqkr0850zeldv9kt.jpg,626,546,7.761647298388512,1,1.2254335260115607,89.36226872169364,64.95552036302608
Kvasir-SEG,val,cju8c1a0ws7o208181c6lbsom.jpg,625,546,34.23003663003663,1,1.4222873900293256,92.62424029304029,59.52167612267105
Kvasir-SEG,val,cju8d2q30tfhs0801n7lx77xl.jpg,614,546,16.964061996635287,1,0.9616724738675958,85.23312870625574,65.69333011197685
Kvasir-SEG,val,cju8dk7eztzup08182yxko5zh.jpg,623,528,5.480264117904567,1,1.2571428571428571,138.654366700715,66.51813763381455
Kvasir-SEG,val,cju8dn0c3u2v50801k8rvq02f.jpg,1348,1070,31.39126154358135,1,0.9949622166246851,114.47784880335007,46.20004437372321
Kvasir-SEG,val,ck2da7fwcjfis07218r1rvm95.jpg,720,576,3.7389081790123457,1,1.2803030303030303,95.10766541280864,70.55499158429957
Kvasir-SEG,test,cju0roawvklrq0799vmjorwfv.jpg,622,528,10.84965409724252,2,0.9139379764379765,93.99487540192926,46.4807832597059
Kvasir-SEG,test,cju0s690hkp960855tjuaqvv0.jpg,621,530,3.66238264515541,1,0.7567567567567568,85.63738948135995,60.10180285501528
Kvasir-SEG,test,cju0u2g7pmnux0801vkk47ivj.jpg,611,530,29.237871722817527,1,0.9734748010610079,114.02921903467869,66.2981266284813
Kvasir-SEG,test,cju15ptjtppz40988odsm9azx.jpg,622,529,5.94885697092737,1,1.2922077922077921,114.53968538588248,63.424906654380045
Kvasir-SEG,test,cju160wshltz10993i1gmqxbe.jpg,607,530,2.652077958409748,1,0.7258064516129032,103.48501134562183,58.623081177785664
Kvasir-SEG,test,cju16d65tzw9d0799ouslsw25.jpg,481,530,4.672262974149766,1,0.6305732484076433,73.96214647158044,49.77036495035587
Kvasir-SEG,test,cju16jgnyzp970878melv7r25.jpg,560,529,11.64461247637051,1,1.079646017699115,105.12893262219822,66.36661556398737
Kvasir-SEG,test,cju1819curo000988pd5xcqme.jpg,600,529,10.738185255198488,1,1.1219512195121952,110.41011972274732,66.03802660174352
Kvasir-SEG,test,cju1871y11d6r0799k6cw4yze.jpg,480,531,15.286801632140614,1,0.9451476793248945,105.93133239171375,54.19908425055022
Kvasir-SEG,test,cju18gzrq18zw0878wbf4ftw6.jpg,626,546,7.648129293496705,1,1.2408376963350785,98.26352561176843,67.19121148621359
Kvasir-SEG,test,cju1b75x63ddl0799sdp0i2j3.jpg,549,530,6.721998831494656,1,0.6063348416289592,91.19216070385264,53.738962840344676
Kvasir-SEG,test,cju1c8ffau5770835g0g343o8.jpg,622,529,3.561594709425659,1,0.8402777777777778,115.46013834268382,57.73395919784979
Kvasir-SEG,test,cju1cdxvz48hw0801i0fjwcnk.jpg,577,505,6.428608198774817,1,0.9518072289156626,91.95749952811572,59.147242591457996
Kvasir-SEG,test,cju1cqc7n4gpy0855jt246k68.jpg,616,529,3.4508261115066405,1,1.3893805309734513,80.2618914639236,59.896913641629325
Kvasir-SEG,test,cju1cu1u2474n0878tt7v4tdr.jpg,621,531,2.05761316872428,2,0.7023219814241486,95.93400778162916,64.72865790622974
Kvasir-SEG,test,cju1dfeupuzlw0835gnxip369.jpg,1348,1070,7.127624171496713,1,0.9698630136986301,112.52937130813389,46.78295497565461
Kvasir-SEG,test,cju1dg44i4z3w0801nyz4p6zf.jpg,623,528,0.8840410525803785,1,0.2054794520547945,88.55271717982392,74.76208441441888
Kvasir-SEG,test,cju1egh885m1l0855ci1lt37c.jpg,566,531,2.487805527273695,1,0.6589147286821705,89.23677240755158,61.77852076264116
Kvasir-SEG,test,cju1euant5l960878iqj5vvto.jpg,622,531,5.804433786885147,1,0.7675675675675676,94.94125928751794,53.31357420765812
Kvasir-SEG,test,cju1euuc65wm00799m4sjdnnn.jpg,570,530,3.76266137040715,1,0.9921259842519685,98.78925852366766,36.221228289884124
Kvasir-SEG,test,cju1ewnoh5z030855vpex9uzt.jpg,622,529,10.18666536995727,1,1.1312217194570136,113.02038974221823,58.00880777315841
Kvasir-SEG,test,cju1f5x1164xv08555654c24r.jpg,622,530,12.19165200509616,1,0.4444444444444444,102.95218710186252,63.221050790365524
Kvasir-SEG,test,cju1ffnjn6ctm08015perkg37.jpg,626,547,20.87716326637891,1,0.7284595300261096,108.79805619966007,61.261322734990785
Kvasir-SEG,test,cju1fj6axwfp30835ukhuzhw9.jpg,576,547,24.39569368271379,1,0.8021680216802168,97.51348580641886,57.85958449171675
Kvasir-SEG,test,cju1g20bdwq6u0835e16xugcd.jpg,622,531,19.490919880586894,1,0.6470588235294118,81.99500124136344,54.77924647879253
Kvasir-SEG,test,cju1gghyjwxt80835vx0wgxw0.jpg,621,529,20.968070889990837,1,1.15625,88.23338173383378,57.786280091593866
Kvasir-SEG,test,cju1gv7106qd008784gk603mg.jpg,622,531,14.96720983886497,1,0.7450331125827815,102.75656560151629,58.64306543557091
Kvasir-SEG,test,cju2hdr06v2bq0799mbm3bks1.jpg,621,530,23.5724485765503,1,0.687192118226601,76.74712727493696,59.18865781203257
Kvasir-SEG,test,cju2i6acqvo6l0799u20fift8.jpg,623,546,13.842096907907504,1,0.7804054054054054,87.96764444758024,66.18923538620582
Kvasir-SEG,test,cju2i8br1vqtd08784u6vmcjk.jpg,622,531,18.609854609091624,1,1.4362139917695473,95.2253952682859,59.91509451749337
Kvasir-SEG,test,cju2lberzkdzm09938cl40pog.jpg,605,528,21.028675181567742,1,1.503787878787879,91.15008139243676,76.26719405188804
Kvasir-SEG,test,cju2nbdpmlmcj0993s1cht0dz.jpg,584,530,25.396097182734557,1,1.106060606060606,103.93174269837168,63.76828071526783
Kvasir-SEG,test,cju2nguelpmlj0835rojdn097.jpg,591,529,16.602855050073728,1,0.8881118881118881,121.04374694136048,54.26441207571656
Kvasir-SEG,test,cju2np2k9zi3v079992ypxqkn.jpg,603,531,10.053936219717482,1,1.2748815165876777,85.34338039869704,62.24829957034068
Kvasir-SEG,test,cju2nsmwjlzyl0993jl80chvz.jpg,625,547,4.799122486288848,1,1.0,90.59499524680074,60.70034741171655
Kvasir-SEG,test,cju2oi8sq0i2y0801mektzvw8.jpg,1348,1070,76.33732216644943,1,1.2579439252336448,116.7767915083613,48.82893970183667
Kvasir-SEG,test,cju2okvco06xc0799kxe5n1qh.jpg,577,530,33.16798011837415,1,1.2626865671641792,104.17539648801544,55.68346832638232
Kvasir-SEG,test,cju2p4ddkmzxj0993p94o62av.jpg,592,529,8.470214070403106,1,0.9326424870466321,104.97170528278751,66.84238765054191
Kvasir-SEG,test,cju2r6mt2om21099352pny5gw.jpg,608,528,30.492735745614034,1,0.8737113402061856,105.69829047049441,62.780819224728724
Kvasir-SEG,test,cju2rlqdnoz9k0993cpjae3x0.jpg,592,531,17.470224461749886,1,0.8973509933774835,90.71194711660813,61.76413039966421
Kvasir-SEG,test,cju2s2527pfyr0993l3h1149a.jpg,622,529,2.7990688005640685,1,1.0095238095238095,113.52974124569198,63.83608560891443
Kvasir-SEG,test,cju2saez63gxl08559ucjq3kt.jpg,557,530,13.290877680295383,1,1.2292682926829268,48.12689949527455,50.54165885824599
Kvasir-SEG,test,cju2sevf53lkx08558h5bpaig.jpg,626,547,23.424312690189296,1,0.8980716253443526,109.21530158693075,63.64636129028761
Kvasir-SEG,test,cju2srvy5440s0801y1ba9akr.jpg,622,528,31.751802591834743,1,0.7139830508474576,110.18719246321739,61.44919454880278
Kvasir-SEG,test,cju2sxf3iqbpv09937iksn8ep.jpg,622,529,17.526243169481944,1,1.086021505376344,87.43578249320747,53.17586881607051
Kvasir-SEG,test,cju2syxa93yw40799x2iuwabz.jpg,602,474,2.1394928298078137,1,1.1,102.753515006238,63.63973001646732
Kvasir-SEG,test,cju2t16vuucaq0835xcpsivn2.jpg,622,531,6.6391750080234475,1,1.2763157894736843,83.51225316547678,48.75435845149171
Kvasir-SEG,test,cju2t62nq45jl0799odpufwx6.jpg,622,528,19.99567621553152,1,0.6303191489361702,114.04620359543993,62.34654021096254
Kvasir-SEG,test,cju2tpfa5uyx408359datxqqj.jpg,622,528,10.155108155510085,1,0.7203065134099617,120.86244884536686,51.600347252451265
Kvasir-SEG,test,cju2tqfgw4oat0799rn0g5b2z.jpg,614,529,12.207902563376292,1,1.2132701421800949,112.98525273547902,63.497440403859386
Kvasir-SEG,test,cju2txjfzv60w098839dcimys.jpg,551,430,8.810619170219052,1,1.095808383233533,75.13818427383616,56.50541963544964
Kvasir-SEG,test,cju2uzabhs6er0993x3aaf87p.jpg,612,528,10.119268667062785,1,0.9766536964980544,117.18341812735196,57.96635147240412
Kvasir-SEG,test,cju2wve9v7esz0878mxsdcy04.jpg,620,529,5.493017866943106,1,1.1608391608391608,107.41672967863894,63.419253848155506
Kvasir-SEG,test,cju2xa3i4y0160988i679zsqd.jpg,619,528,10.541807411758947,1,0.5298013245033113,97.73705451118617,51.75110651856621
Kvasir-SEG,test,cju2y5zas8m7f0801d34g5owq.jpg,586,479,27.15661895159854,2,0.8989237203591436,71.79827855244501,52.400007842073876
Kvasir-SEG,test,cju2y8s56ymqr083541ggdsml.jpg,615,530,9.281484890320602,1,0.671875,94.32951679705477,60.63092529703202
Kvasir-SEG,test,cju2yb31a8e8u0878wdashg7o.jpg,621,531,17.19782502554958,1,0.8494983277591973,86.71175826608562,65.17628710708576
Kvasir-SEG,test,cju2yg5ht8i4p087800js8hp4.jpg,626,546,17.343093541176607,1,0.5802139037433155,107.75548865405095,65.69814591262758
Kvasir-SEG,test,cju2yi9tz8vky0801yqip0xyl.jpg,616,528,26.177562967335692,1,0.7942708333333334,110.5147241489571,67.36153133336025
Kvasir-SEG,test,cju2yo1j1v0qz09934o0e683p.jpg,626,546,30.59573546793994,1,0.7622222222222222,93.75747814485834,68.17213870493694
Kvasir-SEG,test,cju2z1nxlzaj40835wj81s1iy.jpg,622,531,22.076891868161148,1,0.8551136363636364,79.64416165579716,56.03602559254111
Kvasir-SEG,test,cju2z6ez69g4u0801qwt088lw.jpg,626,538,30.603821988906972,1,0.6990950226244343,81.2037899212561,63.439282031944735
Kvasir-SEG,test,cju2zpw4q9vzr0801p0lysjdl.jpg,605,546,3.182575000756819,1,0.7669172932330827,97.0347410165592,55.57080968536409
Kvasir-SEG,test,cju2zxja9w1eh09933609ho9z.jpg,584,530,3.777138795554407,1,0.7916666666666666,101.51271646420264,59.396015167864014
Kvasir-SEG,test,cju30ywtc0oar0835bp2en7ec.jpg,1348,1062,13.94749562719688,1,1.0333333333333334,111.48579397810525,51.978245126912526
Kvasir-SEG,test,cju310f6val1v0855xo8tc3gu.jpg,622,531,57.64346830889967,1,1.2412280701754386,107.20909404690538,58.40518463049308
Kvasir-SEG,test,cju324q101fhe08350wae9cif.jpg,618,530,9.823838309824755,1,0.5842293906810035,95.19652561519204,56.663340769058344
Kvasir-SEG,test,cju32srle1xfq083575i3fl75.jpg,626,547,6.323191850990882,1,1.1077844311377245,83.84804714650343,65.22506494385784
Kvasir-SEG,test,cju33231uy4gi0993qc7b1jch.jpg,622,529,5.771065955907828,1,0.8721461187214612,113.1350148007221,55.564642511276965
Kvasir-SEG,test,cju33belnbyhm0878yxl42233.jpg,613,528,6.691198279697463,2,0.9622044622044621,110.17638662316476,62.84000325800143
Kvasir-SEG,test,cju34c1xfyz920993itxkkfad.jpg,570,508,25.74319657411245,1,0.9713467048710601,76.47434037850532,56.30104165623331
Kvasir-SEG,test,cju34i3qvcyog0855qiejxx5w.jpg,622,529,28.687871917529286,1,0.8732057416267942,106.96381572949021,57.61832171489091
Kvasir-SEG,test,cju34ouumcznz07996gg1xq7v.jpg,626,547,17.591451483841574,1,1.0107142857142857,116.26087400926342,53.047816659105955
Kvasir-SEG,test,cju34uhepd3dd0799hs8782ad.jpg,626,546,2.481889782209271,1,0.8,97.22137181242613,60.383520289326654
Kvasir-SEG,test,cju353d1eda8c07992afde611.jpg,622,528,9.158506284712074,1,0.8613861386138614,114.25761534151808,56.97751796231654
Kvasir-SEG,test,cju35fxqyzt5p0993vusm54qz.jpg,613,531,15.91966894314338,1,0.641399416909621,97.60179783289247,59.99880257532684
Kvasir-SEG,test,cju35i2e63uxr0835h7zgkg9k.jpg,614,531,17.24728095842765,1,0.5061124694376528,87.42723458289626,63.10172647111634
Kvasir-SEG,test,cju35k2fr3vc50988c85qkrwg.jpg,570,530,6.522343594836147,2,1.0225694444444444,100.01202581926515,42.43116837131846
Kvasir-SEG,test,cju35ldepdtlm0801yv79y8vu.jpg,626,547,4.9234570208689865,1,0.9807692307692307,99.52939647569373,59.541397718598304
Kvasir-SEG,test,cju3tsh4lfsok0987w6x3a0v1.jpg,622,530,37.268094400291204,1,1.4958904109589042,96.27538979554693,61.07872677900151
Kvasir-SEG,test,cju3umoh1geet0817cmpef5am.jpg,599,531,10.733205688073971,1,0.9515418502202643,92.77767088273299,57.36569869415105
Kvasir-SEG,test,cju3v0fl3gwce0755qkjhzmd4.jpg,621,530,21.811442287242123,1,1.0586319218241043,93.34986479506578,62.36980215668938
Kvasir-SEG,test,cju3v3ac9gyz30755hfqwyp1i.jpg,578,530,7.346086048181759,1,0.8029556650246306,88.21334791408239,66.68893178660615
Kvasir-SEG,test,cju3xwpgviwlx0871rwm15q7v.jpg,626,547,7.02086898622168,1,1.0635838150289016,65.69141001454346,53.5039114214981
Kvasir-SEG,test,cju3y21quj0ir0818kgjagr15.jpg,626,546,26.18959847394352,1,0.9461358313817331,104.23789043757095,59.22925294782619
Kvasir-SEG,test,cju3yht87j83m08507yk1u1fg.jpg,570,530,43.02350215160543,1,0.8636363636363636,84.9991923204237,59.898319828813925
Kvasir-SEG,test,cju40taxlkrho0987smigg0x0.jpg,622,393,10.184662461238883,1,1.1904761904761905,114.4062615056086,61.66185364037159
Kvasir-SEG,test,cju41z76wlgbz0801qdetlvby.jpg,592,421,10.383096873595687,1,1.4313725490196079,100.17350099505681,71.41970861042417
Kvasir-SEG,test,cju42dwedlmk60871jbgu4ehi.jpg,621,531,16.1949470964455,1,0.86084142394822,91.46028973376882,53.603430362098074
Kvasir-SEG,test,cju42qet0lsq90871e50xbnuv.jpg,598,531,7.518785153272995,1,0.8080808080808081,90.44620486366986,63.37030580447529
Kvasir-SEG,test,cju42romflni20817etb9a0fl.jpg,622,528,9.280912014030985,1,0.926605504587156,104.79304601481049,62.010636239799496
Kvasir-SEG,test,cju42wamblrqn098798r2yyok.jpg,621,547,22.78950916579086,1,1.1437908496732025,90.91424458398467,64.86376980998129
Kvasir-SEG,test,cju43eigtm6ev0801mv0m96t1.jpg,619,528,41.16916336221668,1,1.4378378378378378,100.51612755176971,62.83250318157043
Kvasir-SEG,test,cju5boicjagt20871b1fotkh4.jpg,622,529,31.651055501188313,1,0.7712264150943396,113.21050456178314,54.20985623234166
Kvasir-SEG,test,cju5ca9hcatkc0801jzwe7tfx.jpg,626,546,15.811770763847441,1,1.1708185053380782,88.56550691055483,60.33680857772547
Kvasir-SEG,test,cju5clr68b48r0755cmuvponm.jpg,601,526,8.56019435288461,1,1.2969696969696969,110.01612964450884,67.55265928043232
Kvasir-SEG,test,cju5ekty5ckzf07550c9u3ckk.jpg,625,546,14.98080586080586,1,0.7052980132450332,98.04611868131867,60.7573020060956
Kvasir-SEG,test,cju5hjxaae3i40850h5z2laf5.jpg,622,530,16.446945337620576,1,1.16,94.66300127403991,63.61485859418249
Kvasir-SEG,test,cju5hwonqedw10801vsd3w6kk.jpg,529,531,11.290179032321227,1,0.5338078291814946,98.71475868550618,56.74923767335802
Kvasir-SEG,test,cju5i5oh2efg60987ez6cpf72.jpg,621,528,29.411262382276878,1,0.7822014051522248,112.8843721026692,67.86277089750467
Kvasir-SEG,test,cju5jz5fff8c50871hbe6108f.jpg,552,530,14.240155865463494,1,1.422680412371134,84.19253144654088,68.59377779212356
Kvasir-SEG,test,cju5ktjwofed70817eg58ef7u.jpg,625,547,10.673199268738575,1,1.0305676855895196,92.95827422303473,69.13756043820975
Kvasir-SEG,test,cju5thdbrjp1108715xdfx356.jpg,622,530,2.384274707274161,1,1.0297029702970297,94.24704240732876,58.05023312977305
Kvasir-SEG,test,cju5u4pywk81x0817vn9pe14z.jpg,570,531,4.092906465787822,1,0.8888888888888888,87.29648462021343,55.242506166832676
Kvasir-SEG,test,cju5ufn3skquf0818dhapnhba.jpg,570,530,3.7831843760344257,1,0.8604651162790697,89.42859318106588,58.82930701467496
Kvasir-SEG,test,cju5uxjnol2r509871qv2yeia.jpg,620,531,6.156065852621348,1,0.7612612612612613,82.2131978616123,57.90038534076321
Kvasir-SEG,test,cju5vi4nxlc530817uoqm2m7a.jpg,619,530,22.724418569207792,1,0.9472140762463344,92.79929283384644,58.19083051936513
Kvasir-SEG,test,cju5wkonqlrl409877y8zvnub.jpg,627,547,16.872370389160537,1,0.9761092150170648,103.30680323877668,52.562892705552756
Kvasir-SEG,test,cju5wrrs0m2af0818vmnajbtw.jpg,626,547,2.2679617547937925,1,0.8828828828828829,106.11261542774704,58.23273429975128
Kvasir-SEG,test,cju5wtdu4m0im0871mix0yvc0.jpg,610,509,9.98582885117073,1,0.6589147286821705,87.37849528165158,63.01983532567225
Kvasir-SEG,test,cju5x7iskmad90818frchyfwd.jpg,522,483,17.28500828950604,1,0.8250825082508251,82.62997072892125,57.713394815358996
Kvasir-SEG,test,cju5xjn5mm78b09871spyqhhr.jpg,622,528,16.47696823540875,1,0.8762541806020067,112.31162306343174,58.0434235482285
Kvasir-SEG,test,cju5y7buemcw80987p0r30g9f.jpg,589,530,14.590767850850497,1,1.1372549019607843,87.2398340647724,63.153860884950426
Kvasir-SEG,test,cju5yimthmlv80850zhoc90c2.jpg,590,528,5.19774011299435,1,1.2671755725190839,87.82512840267077,46.40763111579398
Kvasir-SEG,test,cju5ymyd8mmdc0801ry3by1xr.jpg,622,528,3.431623307025236,1,0.6219512195121951,122.74816695897886,47.46514853415479
Kvasir-SEG,test,cju6uzxk0v83p0801rcwnexdu.jpg,626,547,29.650256116721472,1,0.7794432548179872,105.98703646377861,57.79864319729433
Kvasir-SEG,test,cju6vta3kvazg0817qbeppjtm.jpg,622,528,23.535394134268735,1,0.9195402298850575,115.8846006284712,60.13791418255178
Kvasir-SEG,test,cju6wt9jvvn500871hjn3t3g0.jpg,622,530,18.395923072256267,1,0.9180327868852459,70.52164654492508,55.94464888434154
Kvasir-SEG,test,cju6wuojavt740818b5qcv3iw.jpg,599,530,26.984596969792424,1,0.9460227272727273,77.64322928150692,51.64466259306382
Kvasir-SEG,test,cju6xlygpw7bs0818n691jsq4.jpg,570,531,31.13390821686986,1,0.7793103448275862,62.077715003138735,43.54853180631389
Kvasir-SEG,test,cju6yywx1whbb0871ksgfgf9f.jpg,622,530,8.38591275859977,1,1.12707182320442,100.47519868955894,56.15682625416524
Kvasir-SEG,test,cju6z1bzbwfq50817b2alatvr.jpg,626,547,42.494057040727526,1,1.0166270783847982,95.71557318162968,61.293978241574145
Kvasir-SEG,test,cju6z2616wqbk07555bvnuyr1.jpg,554,531,9.38764132792157,1,0.7579908675799086,78.38283804822996,62.604335299808255
Kvasir-SEG,test,cju6z7e4bwgdd0987ogkzq9kt.jpg,623,528,14.734726883603289,1,0.9587628865979382,102.94873899508731,61.380356112595145
Kvasir-SEG,test,cju76o55nymqd0871h31sph9w.jpg,600,529,0.65059861373661,1,0.6461538461538462,117.90888153749212,58.17094070099147
Kvasir-SEG,test,cju772304yw5t0818vbw8kkjf.jpg,622,546,5.881123164081363,1,0.8241758241758241,100.32280955914396,58.048677803201734
Kvasir-SEG,test,cju77bvg0yv4r0987yh60xmjo.jpg,616,546,7.702713952713952,1,1.2317073170731707,97.29191939013367,58.05709943041201
Kvasir-SEG,test,cju77re6fz5bb0817vp9redjg.jpg,443,530,9.035308147706461,1,0.7828282828282829,65.6978789556625,43.56018467412825
Kvasir-SEG,test,cju7ae7bq1f820987toc8si1d.jpg,509,530,3.668680728027579,1,0.9193548387096774,97.80096007710272,57.7232913570748
Kvasir-SEG,test,cju7ajnbo1gvm098749rdouk0.jpg,626,546,22.67083289447507,1,1.3925925925925926,97.60196140387833,59.42813885451572
Kvasir-SEG,test,cju7ap09p1kz10850ldccjebj.jpg,626,546,4.930718908354692,1,0.675392670157068,95.87866739224566,55.46723279205121
Kvasir-SEG,test,cju7aqkue1i2k09879uzcpt8r.jpg,621,530,6.021936620788138,1,0.5806451612903226,76.65956005225898,52.104006446274916
Kvasir-SEG,test,cju7arvfe1ldu0850erdmphgj.jpg,622,529,15.199156328448385,1,1.1307692307692307,101.20631355648892,73.75415532547953
Kvasir-SEG,test,cju7avvi51iox0817ym55y6tt.jpg,626,546,51.74343760605742,1,1.2282608695652173,100.98456389191213,70.38992746557756
Kvasir-SEG,test,cju7b10ce1mnm08011c5bwyr4.jpg,622,530,17.02360007280228,1,0.8853503184713376,102.49069647515623,59.29796473070501
Kvasir-SEG,test,cju7bduyq1rjf08719giru9ho.jpg,622,508,11.989518191255032,1,0.9819819819819819,116.99280958047447,63.538645110162236
Kvasir-SEG,test,cju7bmi1v1pnj0987pa52jjok.jpg,614,530,13.480732591727612,1,1.1666666666666667,101.8240335566345,52.834846304899
Kvasir-SEG,test,cju7cq6su27qv075574dir0r3.jpg,622,530,13.061942607535034,1,1.4722222222222223,101.03371958988048,64.61124828731384
Kvasir-SEG,test,cju7d7aut2a2p0818z4uxc6cd.jpg,621,530,1.6956825570443292,1,0.7358490566037735,95.01113845592927,64.55151253366415
Kvasir-SEG,test,cju7d8m3b2e210755l8fj1yph.jpg,619,528,27.055184314877366,1,1.5,109.65023926665688,68.37813912302006
Kvasir-SEG,test,cju7d9seq29zd0871nzl2uu5m.jpg,622,528,22.550971938029814,1,1.062111801242236,106.2026119312092,62.496736809470335
Kvasir-SEG,test,cju7db7lp2f400755tntd1ohf.jpg,612,522,26.398905666992214,1,0.9142091152815014,116.78845816743045,65.67397172358697
Kvasir-SEG,test,cju7dbppn28nx085097654msi.jpg,626,546,29.55915224285831,1,0.9639175257731959,98.12272817704128,59.73468712484808
Kvasir-SEG,test,cju7dizi82h2i0755doucgnt3.jpg,622,529,7.5462408597183295,1,1.146067415730337,93.99055124332143,69.26071843429318
Kvasir-SEG,test,cju7dlk532dsh0871zvr6qz0r.jpg,627,547,18.529954602310998,1,0.646112600536193,87.10263026687544,68.69751558956702
Kvasir-SEG,test,cju7dsrtb2f8i085064kwugfk.jpg,584,530,8.359395192556216,1,0.8303571428571429,70.37667678986818,63.2825572975795
Kvasir-SEG,test,cju7dwe282dc309876rco45ts.jpg,622,530,31.843717769823453,1,1.0737913486005088,95.24283200873627,57.92940877634677
Kvasir-SEG,test,cju7dxffn2eam0817qxosfwch.jpg,626,546,17.43408348839659,1,0.5071090047393365,105.73996184858805,56.80544427987104
Kvasir-SEG,test,cju7ea4om2l910801bohqjccy.jpg,626,546,5.631721845779354,1,0.6923076923076923,100.71691886388372,61.06742283749356
Kvasir-SEG,test,cju7ecl9i2i060987xawjp4l0.jpg,622,529,23.556549699426814,1,1.4328859060402686,112.35949647153217,64.56648199114905
Kvasir-SEG,test,cju7ejm2l2ncl0801wq6y84nw.jpg,626,546,6.799669978583717,1,1.6142857142857143,72.05387131505343,41.33513670892374
Kvasir-SEG,test,cju7epwj82koz098713apjnzo.jpg,622,528,7.119628763519439,1,1.105263157894737,105.46272410601189,69.80491748006298
Kvasir-SEG,test,cju7etr3y2p4t0801cdzjj8ab.jpg,623,528,8.058818522301667,1,0.8820754716981132,90.07294250693127,66.09412782423708
Kvasir-SEG,test,cju7ey10f2rvf0871bwbi9x82.jpg,622,530,5.915488685312139,1,0.7606382978723404,86.32891767275375,60.17188775786245
Kvasir-SEG,test,cju7f5ghb2r5s0801chwkxxh9.jpg,1220,1010,29.790374939133258,1,0.9888579387186629,114.40866904723259,61.929966400377786
Kvasir-SEG,test,cju7f6cqy2ur20818t1saazbm.jpg,626,546,12.713138831349694,1,0.8690909090909091,108.48957272759189,42.54432514283887
Kvasir-SEG,test,cju7fbndk2sl608015ravktum.jpg,569,530,11.046854793248666,1,0.7854251012145749,99.42755247537885,57.279305775599006
Kvasir-SEG,test,cju7fen322ou10817ziqkob4k.jpg,622,528,11.860567085647473,3,0.7571629956515569,94.77483131150736,64.34408672439768
Kvasir-SEG,test,cju83rcnzkbsj0755x5anfrcg.jpg,572,529,9.199637791320212,1,1.0104166666666667,123.48356511163695,61.2834759064376
Kvasir-SEG,test,cju84aoa3ktwn0755pfl4gfwd.jpg,626,547,34.38476499757609,1,1.4417177914110428,103.68278907313199,59.442733006711045
Kvasir-SEG,test,cju84dsvaklpx098750hp83x4.jpg,570,530,38.20622310493214,1,0.9648351648351648,81.60581926514399,40.43491335925567
Kvasir-SEG,test,cju84ffdzkrjn08183jh1fxmb.jpg,616,529,7.695848574865588,1,0.9072164948453608,98.56233888984362,69.30839591304807
Kvasir-SEG,test,cju84hibuktj80871u519o71q.jpg,622,529,6.281949197357144,1,0.8426966292134831,111.6141691841064,63.961939425821896
Kvasir-SEG,test,cju84jdl9kv0i0871eog9b3i9.jpg,1348,1070,21.55377298316648,1,1.4399293286219081,109.16587814415264,43.654560550770704
Kvasir-SEG,test,cju85hguellg50818kwu3s8d1.jpg,622,528,39.969124524992694,1,0.9901719901719902,112.93037793530156,64.28387765033573
Kvasir-SEG,test,cju85qefyln6v0850szeb9byi.jpg,570,529,38.4190627798229,1,0.9849624060150376,86.47187012900872,50.88976109176089
Kvasir-SEG,test,cju87nkyrnb970801q84m47yt.jpg,620,530,9.164942178940962,1,0.6941176470588235,108.5527632379793,49.07061499727854
Kvasir-SEG,test,cju8828oxnool0801qno9luhr.jpg,622,528,19.077633245639678,1,0.8620689655172413,112.60372210854526,59.27557300057892
Kvasir-SEG,test,cju887ftknop008177nnjt46y.jpg,619,528,3.6266338669408134,1,0.5562130177514792,112.94252704753512,55.45950296806329
Kvasir-SEG,test,cju88k75inzyb0850ccv5x3vk.jpg,549,531,24.27354649268144,1,1.2934782608695652,81.11227741588027,65.98910657453632
Kvasir-SEG,test,cju88rl5eo94l0850kf5wtrm1.jpg,590,530,29.89670610809082,1,0.9276139410187667,87.07350495682763,56.21266984979778
Kvasir-SEG,test,cju88t4fvokxf07558ymyh281.jpg,570,530,5.284342932803708,1,0.868421052631579,96.28217808672625,60.69882088496411
Kvasir-SEG,test,cju88z8bson4h0871nnd7fdxo.jpg,626,546,9.101627871595923,1,1.1225490196078431,87.18609053353462,56.74477358149287
Kvasir-SEG,test,cju892fesoq2g0801n0e0jyia.jpg,589,546,21.488895937113256,1,1.4883720930232558,80.97246217280173,74.43723485352392
Kvasir-SEG,test,cju8abobpqbir08189u01huru.jpg,626,547,10.768875831576242,1,1.5705882352941176,105.42374905817967,58.562674951019005
Kvasir-SEG,test,cju8apjewqrk00801k5d71gky.jpg,451,530,14.618667112914697,1,0.6388888888888888,85.12284650462286,67.88168753219304
Kvasir-SEG,test,cju8aqq8uqmoq0987hphto9gg.jpg,626,546,26.538637081768073,1,0.8244274809160306,110.20901063792438,64.20334972844593
Kvasir-SEG,test,cju8arof2qpf20850ifr1bnqj.jpg,594,530,15.224572771742583,1,0.6027397260273972,94.83681468775808,70.90505015310391
Kvasir-SEG,test,cju8axq24r4an0755yhv9d4ly.jpg,603,530,3.530148002127726,1,1.1025641025641026,97.48890140492506,61.43167074846685
Kvasir-SEG,test,cju8b8yair65w09878pyqtr96.jpg,520,529,12.577795550385343,1,0.5611285266457681,119.98956303620764,65.70732176899045
Kvasir-SEG,test,cju8bh8surexp0987o5pzklk1.jpg,577,506,22.795089771956626,1,0.9899328859060402,117.62215973311595,73.8147457839922
Kvasir-SEG,test,cju8bi8q7rlmn0871abc5ch8k.jpg,622,531,6.436620827050824,1,1.1210191082802548,99.98057417600717,53.25514879355231
Kvasir-SEG,test,cju8bn7m2rmm70817hgxpb1uq.jpg,626,547,22.39780154312515,1,1.1329305135951662,101.05054873810678,54.425583971633436
Kvasir-SEG,test,cju8c2rqzs5t80850d0zky5dy.jpg,615,490,31.12493777999005,1,1.064102564102564,110.99415297826448,75.65709144536036
Kvasir-SEG,test,cju8c9akjsdjj0850s67uzlxq.jpg,570,518,12.116778432567907,1,0.8117154811715481,85.70998103366524,40.29362848639035
Kvasir-SEG,test,cju8ca4geseia0850i2ru11hw.jpg,617,529,9.136838106209385,1,0.9672131147540983,117.98790108856501,60.68402627521965
Kvasir-SEG,test,cju8cattbsivm0818p446wgel.jpg,621,531,39.28115456814385,1,0.9544468546637744,88.93248238822626,61.68752221544569
Kvasir-SEG,test,cju8cdeazsm8h0801jxifmzur.jpg,626,547,12.72202136544965,1,0.9233870967741935,96.28614691813026,58.87186748163296
Kvasir-SEG,test,cju8cj10qsrau0871o2dr6ai1.jpg,622,530,7.090638840016987,1,1.005586592178771,94.26108718073166,58.65830683877086
Kvasir-SEG,test,cju8clorgsuwn08714toqb7v6.jpg,570,531,12.445237387253444,1,0.8249027237354085,101.93454257111706,41.526645695232716
Kvasir-SEG,test,cju8djdqztu6408506pzhlo18.jpg,611,530,8.947595960843653,1,0.703862660944206,92.16419108791649,60.88335967272174
Kvasir-SEG,test,cju8doa16u5gh0818w1ywda3q.jpg,622,529,71.87133401005354,1,1.2964509394572026,106.55605431591488,68.00798425254717
Kvasir-SEG,test,cjyzk8qieoboa0848ogj51wwm.jpg,720,576,47.36376350308642,1,1.1159135559921414,78.21500771604939,60.96619805788004
Kvasir-SEG,test,cjyzlw7f9faqr070129au64sq.jpg,720,576,9.407069830246915,1,0.8852459016393442,93.47594762731481,53.107400635965845
Kvasir-SEG,test,cjyztzaqtrv430848l8xgcerw.jpg,720,576,19.609616126543212,1,1.228395061728395,86.92831548996914,64.01542522691722
Kvasir-SEG,test,cjyzufihqquiw0a46jatrbwln.jpg,720,576,39.69690393518518,1,0.8349514563106796,71.24613233024691,62.29134870390363
Kvasir-SEG,test,cjz14qsk2wci60794un9ozwmw.jpg,720,576,10.9399112654321,1,0.7777777777777778,84.9068576388889,65.03509565831406
Kvasir-SEG,test,ck2bxiswtxuw80838qkisqjwz.jpg,621,520,44.238820760559896,1,1.146090534979424,96.20100024773937,67.10268099318061
Kvasir-SEG,test,ck2bxlujamu330725szlc2jdu.jpg,720,576,3.799430941358025,1,0.9113924050632911,74.80983072916666,81.91813320705702
Kvasir-SEG,test,ck2bxw18mmz1k0725litqq2mc.jpg,600,528,30.569444444444443,1,1.2113095238095237,106.02777146464646,67.3409537032625
CVC-ClinicDB,test,1.png,384,288,15.351924189814813,1,1.792,77.90281394675925,56.257590749746505
CVC-ClinicDB,test,10.png,384,288,16.51294849537037,1,0.3700787401574803,60.80878363715278,47.89984167809905
CVC-ClinicDB,test,100.png,384,288,6.523980034722222,1,1.2183908045977012,90.82775426793981,65.36158303560235
CVC-ClinicDB,test,101.png,384,288,7.077365451388889,1,1.1428571428571428,93.05496780960648,66.05750177442543
CVC-ClinicDB,test,102.png,384,288,7.091833043981481,1,1.0909090909090908,91.50822844328704,64.6385659676934
CVC-ClinicDB,test,103.png,384,288,8.559389467592593,1,1.188118811881188,92.563232421875,63.06611735472682
CVC-ClinicDB,test,104.png,384,288,11.992730034722223,1,0.5683060109289617,66.7703269675926,43.79186554106485
CVC-ClinicDB,test,105.png,384,288,14.701786747685187,1,0.6902173913043478,62.18981481481482,44.90492458056328
CVC-ClinicDB,test,106.png,384,288,13.054289641203704,1,0.6036036036036037,68.22598379629629,45.95685043491044
CVC-ClinicDB,test,107.png,384,288,18.806061921296298,1,0.6,69.84581163194444,43.97017481164741
CVC-ClinicDB,test,108.png,384,288,17.893699363425927,1,0.5570776255707762,73.04999457465277,45.47657799207712
CVC-ClinicDB,test,109.png,384,288,16.44513165509259,1,0.5251141552511416,68.84014214409723,42.362449411738304
CVC-ClinicDB,test,11.png,384,288,15.938765914351851,1,0.5902439024390244,79.17116970486111,57.29453352655808
CVC-ClinicDB,test,110.png,384,288,22.941080729166664,1,0.6008403361344538,77.64203559027777,47.12514476252332
CVC-ClinicDB,test,111.png,384,288,23.173466435185187,1,0.5702479338842975,72.66042751736111,43.43834345193747
CVC-ClinicDB,test,112.png,384,288,23.27835648148148,1,0.5942622950819673,71.92811414930556,43.13325040462927
CVC-ClinicDB,test,113.png,384,288,23.445638020833336,1,0.5853658536585366,71.92644133391204,43.13726222526235
CVC-ClinicDB,test,114.png,384,288,24.42039207175926,1,0.6184738955823293,58.84657118055556,40.35885181303859
CVC-ClinicDB,test,115.png,384,288,13.437680844907407,1,0.42592592592592593,74.4282859519676,43.75747365438084
CVC-ClinicDB,test,116.png,384,288,14.197229456018517,1,0.5152671755725191,82.76151077835648,49.1264468158853
CVC-ClinicDB,test,117.png,384,288,12.32638888888889,1,0.5846774193548387,84.43074544270833,52.27149722203215
CVC-ClinicDB,test,118.png,384,288,14.051649305555555,1,0.6245210727969349,69.99841760706019,41.928031036895476
CVC-ClinicDB,test,119.png,384,288,11.622902199074074,1,0.3660377358490566,81.78190104166667,48.11522562749396
CVC-ClinicDB,test,12.png,384,288,23.103841145833336,1,0.7330508474576272,84.24175347222223,61.13821396894962
CVC-ClinicDB,test,120.png,384,288,15.295862268518517,1,0.35580524344569286,72.87016239872685,43.68726929012313
CVC-ClinicDB,test,121.png,384,288,15.455910011574073,1,0.3754646840148699,69.59777379918981,42.02062899031103
CVC-ClinicDB,test,122.png,384,288,15.244321469907407,1,0.3925925925925926,68.04206452546296,41.95552416106961
CVC-ClinicDB,test,123.png,384,288,13.895218460648149,1,0.373134328358209,68.30861183449075,42.32259331613522
CVC-ClinicDB,test,124.png,384,288,15.275969328703704,1,0.41729323308270677,67.85193323206019,43.01963279434854
CVC-ClinicDB,test,125.png,384,288,9.39037181712963,1,0.4858757062146893,65.7443214699074,44.201235165108166
CVC-ClinicDB,test,126.png,384,288,9.53052662037037,1,0.45,65.28793221932871,45.12612817501346
CVC-ClinicDB,test,127.png,384,288,4.631438078703703,1,1.3472222222222223,63.5862720630787,45.29219900422231
CVC-ClinicDB,test,128.png,384,288,5.582682291666666,1,1.3766233766233766,65.17858434606481,47.138414860059434
CVC-ClinicDB,test,129.png,384,288,7.152416087962964,1,1.3,62.1358959056713,46.51251167792683
CVC-ClinicDB,test,13.png,384,288,12.654622395833334,1,1.4108527131782946,70.46492513020833,58.67137974347892
CVC-ClinicDB,test,130.png,384,288,9.28005642361111,1,1.3366336633663367,59.98132776331018,44.570834059806565
CVC-ClinicDB,test,131.png,384,288,9.563078703703704,1,1.36,63.90966796875,47.29480337728087
CVC-ClinicDB,test,132.png,384,288,4.847547743055555,1,1.3285714285714285,59.4427806712963,42.08421684089675
CVC-ClinicDB,test,133.png,384,288,6.955295138888889,1,1.4567901234567902,63.90075231481482,44.50465261760191
CVC-ClinicDB,test,134.png,384,288,6.439887152777778,1,1.4683544303797469,65.38218858506944,45.014045944305735
CVC-ClinicDB,test,135.png,384,288,14.315682870370368,1,0.9141104294478528,59.198649088541664,51.59399491255478
CVC-ClinicDB,test,136.png,384,288,12.125651041666668,1,1.6804123711340206,63.025327329282405,46.35944122399496
CVC-ClinicDB,test,137.png,384,288,10.552300347222223,1,1.6666666666666667,64.68695746527777,47.76525580448841
CVC-ClinicDB,test,138.png,384,288,16.242585358796298,1,1.1560283687943262,59.672878689236114,47.06763857111756
CVC-ClinicDB,test,139.png,384,288,18.42628761574074,1,1.1610738255033557,60.181541160300924,49.85744418491029
CVC-ClinicDB,test,14.png,384,288,20.97710503472222,1,2.198473282442748,95.46743887442129,62.57861164005038
CVC-ClinicDB,test,140.png,384,288,20.61541521990741,1,1.1987179487179487,59.741012008101855,50.12393945885684
CVC-ClinicDB,test,141.png,384,288,26.387984664351855,1,1.2,53.27824797453704,43.75619517906536
CVC-ClinicDB,test,142.png,384,288,22.21046730324074,1,0.9513513513513514,73.8167136863426,52.488465890389016
CVC-ClinicDB,test,143.png,384,288,4.1196469907407405,1,0.6039603960396039,59.28065321180556,47.11568792593603
CVC-ClinicDB,test,144.png,384,288,14.91970486111111,1,1.1240875912408759,58.00730613425926,47.9781120313364
CVC-ClinicDB,test,145.png,384,288,20.38212528935185,1,1.205128205128205,61.527841073495374,45.69042986839426
CVC-ClinicDB,test,146.png,384,288,20.292607060185187,1,1.1835443037974684,66.98410373263889,46.56812668494684
CVC-ClinicDB,test,147.png,384,288,12.215169270833332,1,1.228813559322034,60.94885706018518,47.566398935818825
CVC-ClinicDB,test,148.png,384,288,8.963577835648149,1,1.375,61.82467086226852,47.31188902866619
CVC-ClinicDB,test,149.png,384,288,8.311631944444445,1,1.449438202247191,63.013961226851855,45.62015274660418
CVC-ClinicDB,test,15.png,384,288,32.753725405092595,1,1.4565217391304348,90.01963975694444,58.92167046160491
CVC-ClinicDB,test,150.png,384,288,7.68138744212963,1,1.4470588235294117,63.049361617476855,45.197490492685446
CVC-ClinicDB,test,151.png,384,288,6.201171875,1,1.308641975308642,63.90504738136574,44.34899757192999
CVC-ClinicDB,test,152.png,384,288,18.71383101851852,1,1.4776119402985075,114.72285517939815,66.13388025688306
CVC-ClinicDB,test,153.png,384,288,5.712890625,1,1.619718309859155,105.03310366030092,61.68137052314525
CVC-ClinicDB,test,154.png,384,288,0.5425347222222222,1,0.6578947368421053,106.65998444733796,60.00838710573853
CVC-ClinicDB,test,155.png,384,288,1.519097222222222,1,0.6307692307692307,113.63239655671296,65.02393580346268
CVC-ClinicDB,test,156.png,384,288,4.243525752314815,1,0.660377358490566,105.18992332175925,62.3308649582282
CVC-ClinicDB,test,157.png,384,288,6.783492476851852,1,0.6946564885496184,108.44934534143519,63.17335625460552
CVC-ClinicDB,test,158.png,384,288,4.062680844907407,1,0.6504854368932039,98.13897026909723,56.9068054357324
CVC-ClinicDB,test,159.png,384,288,1.634837962962963,1,0.6615384615384615,105.29337565104167,59.99047085870791
CVC-ClinicDB,test,16.png,384,288,7.137044270833333,1,1.1743119266055047,79.9419578269676,60.21970937523292
CVC-ClinicDB,test,160.png,384,288,7.429108796296297,1,0.7099236641221374,117.11900499131944,70.71432332635017
CVC-ClinicDB,test,161.png,384,288,2.8600622106481484,1,0.7,105.31595413773148,60.36527791837166
CVC-ClinicDB,test,162.png,384,288,4.616066261574074,1,0.8163265306122449,114.08793583622685,68.33437722991553
CVC-ClinicDB,test,163.png,384,288,4.667607060185185,1,0.875,105.42266167534723,60.953614064625626
CVC-ClinicDB,test,164.png,384,288,2.8600622106481484,1,0.6265060240963856,104.86514395254629,60.45038576211565
CVC-ClinicDB,test,165.png,384,288,6.643337673611111,1,0.68,119.96261031539352,72.17273355324672
CVC-ClinicDB,test,166.png,384,288,6.629774305555555,1,0.8319327731092437,104.17485894097223,63.732774754061346
CVC-ClinicDB,test,167.png,384,288,3.1674985532407405,1,0.9315068493150684,100.8190285011574,57.4925918037142
CVC-ClinicDB,test,168.png,384,288,4.480432581018518,1,1.0853658536585367,114.69902886284723,67.1149248136169
CVC-ClinicDB,test,169.png,384,288,5.980541087962963,1,1.0515463917525774,107.61615668402777,65.67888301647206
CVC-ClinicDB,test,17.png,384,288,13.510923032407407,1,1.7456140350877194,69.71205873842592,51.251177577799446
CVC-ClinicDB,test,170.png,384,288,4.220015914351852,1,1.0769230769230769,105.5470558449074,61.746930181798774
CVC-ClinicDB,test,171.png,384,288,4.704680266203703,1,1.035294117647059,104.95091869212963,61.12842076408376
CVC-ClinicDB,test,172.png,384,288,2.8148509837962963,1,1.2678571428571428,103.43175817418981,62.3181742433758
CVC-ClinicDB,test,173.png,384,288,9.84790943287037,1,0.7841726618705036,103.65144856770833,62.64202319749725
CVC-ClinicDB,test,174.png,384,288,10.460973668981481,1,1.1417910447761195,99.45573820891204,63.063490021385704
CVC-ClinicDB,test,175.png,384,288,13.731553819444445,1,1.2419354838709677,111.73923068576389,67.1796259835963
CVC-ClinicDB,test,176.png,384,288,11.555085358796296,1,1.0942028985507246,105.26474790219908,63.84777413328169
CVC-ClinicDB,test,177.png,384,288,7.419162326388889,1,1.358695652173913,106.41652199074075,62.31312639362138
CVC-ClinicDB,test,178.png,384,288,0.3833912037037037,1,1.2272727272727273,75.42001229745371,56.10051385094549
CVC-ClinicDB,test,179.png,384,288,2.710865162037037,1,1.1896551724137931,70.6386085792824,58.88106173741218
CVC-ClinicDB,test,18.png,384,288,10.54054542824074,1,2.5569620253164556,76.54802336516204,55.82966640275556
CVC-ClinicDB,test,180.png,384,288,3.0671296296296298,1,1.1967213114754098,71.01042570891204,60.83317852339196
CVC-ClinicDB,test,181.png,384,288,2.906177662037037,1,1.1311475409836065,70.03226273148148,59.440544421256135
CVC-ClinicDB,test,182.png,384,288,3.172923900462963,1,1.2333333333333334,70.87961154513889,61.068246277252754
CVC-ClinicDB,test,183.png,384,288,2.9541015625,1,1.2203389830508475,69.76779513888889,60.11418254477323
CVC-ClinicDB,test,184.png,384,288,2.858253761574074,1,1.2105263157894737,80.76586009837963,66.55551206998315
CVC-ClinicDB,test,185.png,384,288,4.424370659722222,1,1.2394366197183098,70.37632921006944,61.151038972123835
CVC-ClinicDB,test,186.png,384,288,7.364908854166667,1,1.288888888888889,69.17679398148148,61.558792903701395
CVC-ClinicDB,test,187.png,384,288,11.866138599537036,1,1.2894736842105263,69.5506004050926,60.044420378757884
CVC-ClinicDB,test,188.png,384,288,11.962890625,1,1.2166666666666666,69.53801359953704,58.69083794313561
CVC-ClinicDB,test,189.png,384,288,4.659469039351852,1,1.2465753424657535,66.49280237268519,55.07595849353144
CVC-ClinicDB,test,19.png,384,288,16.359230324074073,1,2.293103448275862,82.21761971932871,54.91945760727329
CVC-ClinicDB,test,190.png,384,288,3.058087384259259,1,1.1774193548387097,61.9212330005787,50.54445117162422
CVC-ClinicDB,test,191.png,384,288,1.1456524884259258,1,1.2857142857142858,62.39749710648148,48.31959009995484
CVC-ClinicDB,test,192.png,384,288,1.3029875578703705,1,1.15,69.82564742476852,57.859963166078614
CVC-ClinicDB,test,193.png,384,288,2.1412037037037037,1,1.1132075471698113,69.81002242476852,57.59280756334953
CVC-ClinicDB,test,194.png,384,288,4.332139756944445,1,1.12,66.75636574074075,60.26171112230572
CVC-ClinicDB,test,195.png,384,288,3.932472511574074,1,1.1549295774647887,68.35383210358796,61.34236581208837
CVC-ClinicDB,test,196.png,384,288,3.9614076967592595,1,1.1714285714285715,68.02238859953704,61.26125125232598
CVC-ClinicDB,test,197.png,384,288,4.261610243055555,1,1.1486486486486487,68.23816370081019,61.531402097361976
CVC-ClinicDB,test,198.png,384,288,4.035554108796297,1,1.1111111111111112,68.12496383101852,60.6088098698398
CVC-ClinicDB,test,199.png,384,288,3.9514612268518516,1,1.1830985915492958,68.47677951388889,61.13460424541123
CVC-ClinicDB,test,2.png,384,288,18.565538194444446,1,1.4967320261437909,75.38517252604167,54.19412513547788
CVC-ClinicDB,test,20.png,384,288,16.35380497685185,1,2.1610169491525424,76.87781213831019,50.651915773254586
CVC-ClinicDB,test,200.png,384,288,5.261682581018518,1,1.0595238095238095,79.38612196180556,50.72603406759141
CVC-ClinicDB,test,201.png,384,288,5.326786747685185,1,1.1071428571428572,79.60536928530092,51.570619988068415
CVC-ClinicDB,test,202.png,384,288,4.934353298611112,1,1.1604938271604939,79.29512080439815,50.77570516800366
CVC-ClinicDB,test,203.png,384,288,4.515697337962963,1,0.8571428571428571,80.68532986111111,49.1807309693127
CVC-ClinicDB,test,204.png,384,288,3.1819661458333335,1,0.8873239436619719,76.77094184027777,44.87079447865108
CVC-ClinicDB,test,205.png,384,288,2.737087673611111,1,1.0666666666666667,81.29814995659723,49.03519528945535
CVC-ClinicDB,test,206.png,384,288,7.816116898148148,1,3.4556962025316458,69.79824942129629,55.38748126339412
CVC-ClinicDB,test,207.png,384,288,7.886646412037036,1,3.607594936708861,70.17617006655092,55.36898310417282
CVC-ClinicDB,test,208.png,384,288,3.7561487268518516,1,2.791044776119403,69.86975549768519,58.83491480526478
CVC-ClinicDB,test,209.png,384,288,2.558955439814815,1,2.3389830508474576,90.01085973668981,63.0804206327756
CVC-ClinicDB,test,21.png,384,288,27.01189959490741,1,1.5668789808917198,75.65877278645833,51.021474898973985
CVC-ClinicDB,test,210.png,384,288,25.37615740740741,1,1.625,71.97002495659723,59.57730699546466
CVC-ClinicDB,test,211.png,384,288,19.64337384259259,1,1.7415730337078652,70.29847547743056,56.79375529721839
CVC-ClinicDB,test,212.png,384,288,15.417028356481483,1,1.689265536723164,69.4685691550926,55.073427018116575
CVC-ClinicDB,test,213.png,384,288,14.643012152777779,1,2.317073170731707,71.49069552951389,56.412999463589166
CVC-ClinicDB,test,214.png,384,288,9.59743923611111,1,2.6210526315789475,73.50057870370371,55.850441282736924
CVC-ClinicDB,test,215.png,384,288,9.25925925925926,1,1.8876404494382022,70.76435004340277,56.92899141346456
CVC-ClinicDB,test,216.png,384,288,11.1083984375,1,2.287128712871287,70.72682472511575,56.170090173906345
CVC-ClinicDB,test,217.png,384,288,10.010669849537036,1,1.3454545454545455,73.80318648726852,61.44789269228029
CVC-ClinicDB,test,218.png,384,288,7.793511284722222,1,1.1962616822429906,72.64509186921296,58.003631895576135
CVC-ClinicDB,test,219.png,384,288,6.382921006944445,1,2.046511627906977,73.30369285300925,55.78787650719716
CVC-ClinicDB,test,22.png,384,288,48.460105613425924,1,1.1647509578544062,82.14182761863425,51.23209555857544
CVC-ClinicDB,test,220.png,384,288,4.465964988425926,1,1.294871794871795,75.00682689525463,53.56945697850246
CVC-ClinicDB,test,221.png,384,288,3.666630497685185,1,1.7638888888888888,76.19368489583333,52.638227530859396
CVC-ClinicDB,test,222.png,384,288,3.1195746527777777,1,1.4126984126984128,76.28382703993056,51.880283187105405
CVC-ClinicDB,test,223.png,384,288,3.02734375,1,1.1571428571428573,76.1202980324074,55.12903319049606
CVC-ClinicDB,test,224.png,384,288,2.423321759259259,1,1.2,76.31528501157408,52.13245952616175
CVC-ClinicDB,test,225.png,384,288,3.022822627314815,1,2.0217391304347827,73.20143410011575,49.7048509526969
CVC-ClinicDB,test,226.png,384,288,4.726381655092593,1,1.71875,67.12759512442129,51.56710737212102
CVC-ClinicDB,test,227.png,384,288,2.7171947337962963,1,1.82,76.86566840277777,51.14329348908688
CVC-ClinicDB,test,228.png,384,288,7.636176215277778,1,0.5838926174496645,66.95845088252315,44.1072664716463
CVC-ClinicDB,test,229.png,384,288,7.636176215277778,1,0.5448717948717948,66.61877893518519,43.828799913919816
CVC-ClinicDB,test,23.png,384,288,24.33720341435185,1,2.2222222222222223,73.58301685474537,47.82233485435164
CVC-ClinicDB,test,230.png,384,288,20.10181568287037,1,0.7014218009478673,67.99779369212963,41.77439907777596
CVC-ClinicDB,test,231.png,384,288,17.371961805555554,1,0.7193877551020408,67.34833441840277,42.267436069870286
CVC-ClinicDB,test,232.png,384,288,16.15939670138889,1,0.6382978723404256,68.12013527199075,43.25229738879526
CVC-ClinicDB,test,233.png,384,288,16.569010416666664,1,0.6542553191489362,69.49586769386575,43.98203268954161
CVC-ClinicDB,test,234.png,384,288,14.6240234375,1,0.6022099447513812,68.73387767650463,44.36198935849861
CVC-ClinicDB,test,235.png,384,288,12.909613715277779,1,0.6347305389221557,65.8760398582176,43.04309977799474
CVC-ClinicDB,test,236.png,384,288,10.471824363425926,1,0.7878787878787878,59.915283203125,40.18182745829043
CVC-ClinicDB,test,237.png,384,288,12.468352141203704,1,0.47393364928909953,65.9429343894676,43.41928750500863
CVC-ClinicDB,test,238.png,384,288,11.92039207175926,1,0.46511627906976744,64.00093135127315,41.894566508183686
CVC-ClinicDB,test,239.png,384,288,12.019856770833332,1,0.4876847290640394,64.12648292824075,41.85653881907358
CVC-ClinicDB,test,24.png,384,288,20.518663194444446,1,3.2903225806451615,78.50168185763889,58.47834806067243
CVC-ClinicDB,test,240.png,384,288,11.43211082175926,1,0.5025380710659898,63.377884476273145,41.62587117780956
CVC-ClinicDB,test,241.png,384,288,12.586805555555555,1,0.5172413793103449,67.26843713831019,43.1227190824727
CVC-ClinicDB,test,242.png,384,288,11.895073784722223,1,0.6686046511627907,67.8424660011574,42.78151921290558
CVC-ClinicDB,test,243.png,384,288,9.163411458333332,1,0.4306930693069307,59.500913266782405,39.773870719229954
CVC-ClinicDB,test,244.png,384,288,8.512369791666668,1,0.422680412371134,63.908492476851855,43.46857401129871
CVC-ClinicDB,test,245.png,384,288,7.109917534722222,1,0.4491017964071856,61.809995298032405,42.21972003839034
CVC-ClinicDB,test,246.png,384,288,11.121961805555555,1,0.44387755102040816,74.80221896701389,49.43817060179072
CVC-ClinicDB,test,247.png,384,288,13.565176504629632,1,0.4861111111111111,67.73838071469908,43.638769562432145
CVC-ClinicDB,test,248.png,384,288,12.08767361111111,1,0.45544554455445546,67.42694769965277,43.21388909783281
CVC-ClinicDB,test,249.png,384,288,9.651692708333332,1,0.4550561797752809,66.20269097222223,44.37414849037598
CVC-ClinicDB,test,25.png,384,288,45.88035300925926,1,1.1744186046511629,80.63764105902777,53.36735101068071
CVC-ClinicDB,test,250.png,384,288,9.20138888888889,1,0.3978494623655914,65.77814850983796,44.04930993001378
CVC-ClinicDB,test,251.png,384,288,7.218424479166667,1,0.38235294117647056,66.21500651041667,44.71001698712128
CVC-ClinicDB,test,252.png,384,288,10.258427372685185,1,0.3588516746411483,68.06357602719908,44.74386358197202
CVC-ClinicDB,test,253.png,384,288,22.316261574074073,1,1.5914634146341464,61.5433033130787,50.32761273595631
CVC-ClinicDB,test,254.png,384,288,21.20587384259259,1,1.3257142857142856,62.359628182870374,49.74524244892896
CVC-ClinicDB,test,255.png,384,288,19.12254050925926,1,1.8615384615384616,60.404685691550924,47.82814147555309
CVC-ClinicDB,test,256.png,384,288,20.33058449074074,1,1.52,62.07613570601852,50.866371405450955
CVC-ClinicDB,test,257.png,384,288,24.266673900462962,1,1.3444444444444446,57.920907479745374,44.54347594289435
CVC-ClinicDB,test,258.png,384,288,21.4599609375,1,1.4470588235294117,65.006103515625,49.24387502453177
CVC-ClinicDB,test,259.png,384,288,21.955475983796298,1,1.5588235294117647,58.660743995949076,44.557582416536285
CVC-ClinicDB,test,26.png,384,288,1.318359375,1,1.4722222222222223,97.41676613136575,63.622145772172125
CVC-ClinicDB,test,260.png,384,288,21.67426215277778,1,1.668639053254438,59.65891746238426,46.784751570041216
CVC-ClinicDB,test,261.png,384,288,19.39380787037037,1,1.5864197530864197,57.633101851851855,47.341026456156364
CVC-ClinicDB,test,262.png,384,288,13.709852430555555,1,1.934959349593496,57.659957320601855,46.98804562742264
CVC-ClinicDB,test,263.png,384,288,10.227683738425926,1,2.3421052631578947,70.6722999855324,50.17116939678516
CVC-ClinicDB,test,264.png,384,288,22.923900462962962,1,1.802547770700637,61.345187717013886,47.13868902266049
CVC-ClinicDB,test,265.png,384,288,23.12554253472222,1,1.7289156626506024,60.09547706886574,46.63320341737961
CVC-ClinicDB,test,266.png,384,288,24.14008246527778,1,1.511111111111111,60.36511682581018,46.00517186846905
CVC-ClinicDB,test,267.png,384,288,17.28877314814815,1,1.631578947368421,60.574887876157405,55.9922667136861
CVC-ClinicDB,test,268.png,384,288,22.388599537037038,1,1.7919075144508672,35.70282660590278,32.0207049032684
CVC-ClinicDB,test,269.png,384,288,16.35380497685185,1,2.153225806451613,70.79215494791667,54.20610013548701
CVC-ClinicDB,test,27.png,384,288,1.3472945601851851,1,1.2894736842105263,97.48737702546296,65.29710400080539
CVC-ClinicDB,test,270.png,384,288,19.178602430555554,1,1.710344827586207,68.78022822627315,59.592635176748345
CVC-ClinicDB,test,271.png,384,288,26.632125289351855,1,1.6369426751592357,58.25538917824074,51.326509342001195
CVC-ClinicDB,test,272.png,384,288,31.83865017361111,1,1.7885714285714285,57.65773292824074,48.262039630352156
CVC-ClinicDB,test,273.png,384,288,27.934208622685187,1,1.8682634730538923,59.20173249421296,50.777003503719584
CVC-ClinicDB,test,274.png,384,288,29.395435474537035,1,1.6473684210526316,53.18469690393518,45.043427574587426
CVC-ClinicDB,test,275.png,384,288,23.479094328703702,1,1.6127167630057804,57.227077907986114,44.21669262903105
CVC-ClinicDB,test,276.png,384,288,19.94086371527778,1,1.6829268292682926,60.8577564380787,46.674680123931125
CVC-ClinicDB,test,277.png,384,288,13.7451171875,1,1.6,59.595133463541664,47.84431878759603
CVC-ClinicDB,test,278.png,384,288,2.147533275462963,1,1.5777777777777777,70.13071469907408,44.54679049703163
CVC-ClinicDB,test,279.png,384,288,2.4775752314814814,1,1.411764705882353,68.79993127893519,45.00211074005409
CVC-ClinicDB,test,28.png,384,288,3.330258969907408,1,1.3220338983050848,94.64777741608796,62.138878232726704
CVC-ClinicDB,test,280.png,384,288,2.879050925925926,1,1.3333333333333333,70.04324001736111,45.61285821387024
CVC-ClinicDB,test,281.png,384,288,3.3022280092592595,1,1.2258064516129032,66.66206416377315,44.356768445606406
CVC-ClinicDB,test,282.png,384,288,3.7055121527777777,1,1.2461538461538462,67.46482566550925,45.149770774176
CVC-ClinicDB,test,283.png,384,288,3.6783854166666665,1,1.3934426229508197,67.40816695601852,44.349278676136926
CVC-ClinicDB,test,284.png,384,288,2.7931495949074074,1,1.6734693877551021,63.95978913483796,45.02370194083637
CVC-ClinicDB,test,285.png,384,288,3.068033854166667,1,1.5769230769230769,63.7314453125,44.845255806698745
CVC-ClinicDB,test,286.png,384,288,3.369140625,1,1.9583333333333333,71.38310185185185,46.91973354901142
CVC-ClinicDB,test,287.png,384,288,3.171115451388889,1,1.6603773584905661,73.01292136863425,47.152689681118
CVC-ClinicDB,test,288.png,384,288,3.3528645833333335,1,1.4385964912280702,72.4920066550926,48.31908005440867
CVC-ClinicDB,test,289.png,384,288,2.932400173611111,1,1.1475409836065573,68.30422634548611,48.094757861220586
CVC-ClinicDB,test,29.png,384,288,4.007523148148148,1,1.2142857142857142,99.34872323495371,64.53551371018042
CVC-ClinicDB,test,290.png,384,288,1.7071759259259258,1,1.02,65.02305772569444,44.28917769473721
CVC-ClinicDB,test,291.png,384,288,1.4928747106481481,1,1.2682926829268293,72.40149377893519,44.93566353130828
CVC-ClinicDB,test,292.png,384,288,2.1782769097222223,1,1.488888888888889,70.25169994212963,45.633692181627794
CVC-ClinicDB,test,293.png,384,288,3.2886646412037033,1,1.5454545454545454,68.14782262731481,44.53813943170486
CVC-ClinicDB,test,294.png,384,288,3.429723668981482,1,1.35,71.59650788483796,45.8530751725453
CVC-ClinicDB,test,295.png,384,288,3.2280815972222223,1,1.3448275862068966,71.20444516782408,47.40039407760979
CVC-ClinicDB,test,296.png,384,288,2.476671006944444,1,1.48,72.87137405960648,46.05863807997788
CVC-ClinicDB,test,297.png,384,288,2.5598596643518516,1,1.8888888888888888,69.23823603877315,44.21438560157916
CVC-ClinicDB,test,298.png,384,288,6.1279296875,1,0.5362318840579711,60.266212745949076,47.242617834684076
CVC-ClinicDB,test,299.png,384,288,2.977611400462963,1,0.5217391304347826,52.488868995949076,47.61775314962449
CVC-ClinicDB,test,3.png,384,288,18.08087384259259,1,1.5333333333333334,79.24750434027777,57.449907675468296
CVC-ClinicDB,test,30.png,384,288,8.165147569444445,1,1.4606741573033708,96.15222620081019,63.73890709133829
CVC-ClinicDB,test,300.png,384,288,7.554796006944445,1,0.5436241610738255,58.21390335648148,44.13095876033514
CVC-ClinicDB,test,301.png,384,288,5.414496527777778,1,0.5785123966942148,55.98735894097222,45.188544368802354
CVC-ClinicDB,test,302.png,384,288,8.031322337962964,1,0.567741935483871,56.035147207754626,50.070346598522015
CVC-ClinicDB,test,303.png,384,288,9.42654079861111,1,0.489010989010989,39.917019314236114,44.87655871359665
CVC-ClinicDB,test,304.png,384,288,8.79810474537037,1,0.5460122699386503,58.56702112268518,45.885400826811676
CVC-ClinicDB,test,305.png,384,288,12.941261574074073,1,0.5863874345549738,52.9217212818287,47.794884431690946
CVC-ClinicDB,test,306.png,384,288,23.264793113425927,1,0.8009708737864077,59.16646773726852,52.95805786745906
CVC-ClinicDB,test,307.png,384,288,9.96997974537037,1,0.8931297709923665,57.213840060763886,45.532729691577465
CVC-ClinicDB,test,308.png,384,288,10.42209201388889,1,0.8394160583941606,67.83065682870371,57.34912826582306
CVC-ClinicDB,test,309.png,384,288,4.673032407407407,1,0.9294117647058824,56.28243453414352,42.79106941548216
CVC-ClinicDB,test,31.png,384,288,7.549370659722222,1,1.4186046511627908,96.66690176504629,64.00922124816232
CVC-ClinicDB,test,310.png,384,288,2.296730324074074,1,0.8208955223880597,70.44252748842592,41.20596023290768
CVC-ClinicDB,test,311.png,384,288,2.594220196759259,1,0.9014084507042254,67.83825231481481,46.69026896644053
CVC-ClinicDB,test,312.png,384,288,1.1546947337962963,1,0.6727272727272727,60.211733217592595,37.86252836857616
CVC-ClinicDB,test,313.png,384,288,6.017614293981482,1,1.1956521739130435,53.170961733217595,36.93834437713231
CVC-ClinicDB,test,314.png,384,288,7.826063368055555,1,0.7021276595744681,59.03747106481482,45.741266306107
CVC-ClinicDB,test,315.png,384,288,18.18485966435185,1,1.2357142857142858,55.89019097222222,47.953250723089106
CVC-ClinicDB,test,316.png,384,288,28.782371238425924,1,1.0402010050251256,64.1279929832176,61.82966484595798
CVC-ClinicDB,test,317.png,384,288,14.456741898148149,1,0.8228571428571428,55.30374710648148,51.26700582093177
CVC-ClinicDB,test,318.png,384,288,2.179181134259259,1,1.488888888888889,89.78606047453704,62.18733265486361
CVC-ClinicDB,test,319.png,384,288,2.483904803240741,1,1.3137254901960784,81.31993272569444,53.35937001283627
CVC-ClinicDB,test,32.png,384,288,8.634440104166668,1,1.40625,97.46486183449075,64.08996923024948
CVC-ClinicDB,test,320.png,384,288,3.908058449074074,1,1.5,83.46726707175925,63.61534317993949
CVC-ClinicDB,test,321.png,384,288,5.41087962962963,1,1.2692307692307692,76.49561451099537,53.46505305755232
CVC-ClinicDB,test,322.png,384,288,7.298900462962964,1,1.303370786516854,81.93666811342592,55.534302067155146
CVC-ClinicDB,test,323.png,384,288,8.928313078703704,1,1.24,74.39206271701389,51.015056622295766
CVC-ClinicDB,test,324.png,384,288,5.787037037037037,1,1.3,70.07571072048611,50.457446370790755
CVC-ClinicDB,test,325.png,384,288,4.115125868055555,1,1.1549295774647887,83.76825629340277,56.54294279952418
CVC-ClinicDB,test,326.png,384,288,3.6431206597222223,1,1.056338028169014,81.45132559317129,54.889785435488555
CVC-ClinicDB,test,327.png,384,288,3.1566478587962967,1,1.0147058823529411,80.99970160590277,56.599907937578195
CVC-ClinicDB,test,328.png,384,288,3.9496527777777777,1,1.0135135135135136,91.09230324074075,59.17406269248548
CVC-ClinicDB,test,329.png,384,288,4.169379340277778,1,0.7906976744186046,101.11915870949075,57.979896986442064
CVC-ClinicDB,test,33.png,384,288,10.142686631944445,1,1.4639175257731958,97.47919379340277,64.38827665906084
CVC-ClinicDB,test,330.png,384,288,5.289713541666666,1,0.9333333333333333,85.38170030381944,52.88663523755477
CVC-ClinicDB,test,331.png,384,288,6.995081018518519,1,1.0957446808510638,82.31396484375,54.411347448840274
CVC-ClinicDB,test,332.png,384,288,5.1450376157407405,1,1.1923076923076923,74.23090277777777,54.095056302249624
CVC-ClinicDB,test,333.png,384,288,4.635054976851852,1,1.2328767123287672,75.46315285011575,58.37328120052094
CVC-ClinicDB,test,334.png,384,288,4.982277199074074,1,1.3783783783783783,73.44571940104167,58.61673639811512
CVC-ClinicDB,test,335.png,384,288,5.315031828703703,1,1.294871794871795,73.17052770543981,58.498842350677215
CVC-ClinicDB,test,336.png,384,288,4.82494212962963,1,1.1688311688311688,76.43260814525463,60.3016151699544
CVC-ClinicDB,test,337.png,384,288,5.23998119212963,1,1.0348837209302326,73.24775752314815,59.7182484731465
CVC-ClinicDB,test,338.png,384,288,11.723271122685185,1,1.2033898305084745,89.24039713541667,61.65859943960662
CVC-ClinicDB,test,339.png,384,288,2.7624059606481484,1,1.3888888888888888,54.336181640625,37.24953976541115
CVC-ClinicDB,test,34.png,384,288,5.947084780092593,1,1.353658536585366,97.04904513888889,64.30765928887786
CVC-ClinicDB,test,340.png,384,288,1.690899884259259,1,1.3902439024390243,80.01642975983796,54.89806216049818
CVC-ClinicDB,test,341.png,384,288,2.1873191550925926,1,1.3125,80.22224934895833,57.785726434111524
CVC-ClinicDB,test,342.png,384,288,7.215711805555555,1,1.1428571428571428,69.56529405381944,49.11595181458842
CVC-ClinicDB,test,343.png,384,288,6.6550925925925934,1,2.3846153846153846,60.51323784722222,44.28306148725683
CVC-ClinicDB,test,344.png,384,288,12.32638888888889,1,1.79,58.265480324074076,45.47993008566345
CVC-ClinicDB,test,345.png,384,288,11.49631076388889,1,1.1746031746031746,56.519205729166664,45.613915209830395
CVC-ClinicDB,test,346.png,384,288,3.493019386574074,1,0.8227848101265823,63.93560112847222,51.017442110671034
CVC-ClinicDB,test,347.png,384,288,4.538302951388888,1,2.1379310344827585,71.09426540798611,43.18105822524985
CVC-ClinicDB,test,348.png,384,288,20.81615306712963,1,1.4964028776978417,60.434995298032405,43.99485473154072
CVC-ClinicDB,test,349.png,384,288,21.446397569444446,1,0.9629629629629629,52.263454861111114,43.61007240176117
CVC-ClinicDB,test,35.png,384,288,6.519458912037036,1,1.382716049382716,95.63056098090277,64.6679522954816
CVC-ClinicDB,test,350.png,384,288,12.589518229166666,1,0.7969543147208121,48.65632233796296,40.505628741431615
CVC-ClinicDB,test,351.png,384,288,3.782371238425926,1,0.5535714285714286,49.404007523148145,37.38486363014608
CVC-ClinicDB,test,352.png,384,288,3.6783854166666665,1,3.8095238095238093,65.6803566261574,41.00521909518488
CVC-ClinicDB,test,353.png,384,288,7.172309027777778,1,1.819277108433735,57.20725730613426,40.1616798163812
CVC-ClinicDB,test,354.png,384,288,6.956199363425926,1,1.7195121951219512,55.25296585648148,39.915242575646175
CVC-ClinicDB,test,355.png,384,288,8.891239872685185,1,0.43842364532019706,61.810953776041664,49.80751420451499
CVC-ClinicDB,test,356.png,384,288,8.818901909722223,1,0.4236453201970443,62.27512839988426,49.78976287077075
CVC-ClinicDB,test,357.png,384,288,19.310619212962962,1,2.144144144144144,71.85616500289352,50.96990038830489
CVC-ClinicDB,test,358.png,384,288,7.961697048611111,1,4.017241379310345,65.36999963831019,45.63451402508047
CVC-ClinicDB,test,359.png,384,288,10.224971064814815,1,2.3950617283950617,68.76541702835648,46.478419535046875
CVC-ClinicDB,test,36.png,384,288,3.6024305555555554,1,1.3650793650793651,95.46830692997685,64.44398265097003
CVC-ClinicDB,test,360.png,384,288,12.12474681712963,1,1.2198581560283688,49.803909866898145,42.83536616368877
CVC-ClinicDB,test,361.png,384,288,9.95189525462963,1,1.1219512195121952,47.964780454282405,42.30024178209578
CVC-ClinicDB,test,362.png,384,288,8.176902488425926,1,0.7536231884057971,50.227303964120374,45.42564219423419
CVC-ClinicDB,test,363.png,384,288,1.3156467013888888,1,0.45588235294117646,52.481689453125,43.346507091360046
CVC-ClinicDB,test,364.png,384,288,2.1330656828703702,1,1.2448979591836735,75.29899992766204,56.84318894807796
CVC-ClinicDB,test,365.png,384,288,1.7966941550925926,1,1.3255813953488371,75.13723415798611,56.67597342044083
CVC-ClinicDB,test,366.png,384,288,1.7804181134259258,1,1.288888888888889,74.95100007233796,56.12359136316533
CVC-ClinicDB,test,367.png,384,288,2.029079861111111,1,1.2244897959183674,74.75745081018519,56.38858152961262
CVC-ClinicDB,test,368.png,384,288,1.8663194444444444,1,1.183673469387755,73.86153609664352,55.90688536568664
CVC-ClinicDB,test,369.png,384,288,1.5172887731481481,1,1.1363636363636365,73.77582465277777,55.70926892354515
CVC-ClinicDB,test,37.png,384,288,7.149703414351852,1,1.3647058823529412,96.03549081307871,64.15513329357717
CVC-ClinicDB,test,370.png,384,288,1.4585141782407407,1,1.2195121951219512,73.39516420717592,55.00154591730444
CVC-ClinicDB,test,371.png,384,288,0.9874131944444444,1,1.1944444444444444,74.79990415219908,55.86209379544683
CVC-ClinicDB,test,372.png,384,288,0.9114583333333334,1,1.2058823529411764,74.58231155960648,55.402171401900674
CVC-ClinicDB,test,373.png,384,288,0.9584780092592593,1,1.5333333333333334,77.11219618055556,56.23154547691117
CVC-ClinicDB,test,374.png,384,288,1.1736834490740742,1,1.4411764705882353,75.26248734085648,55.29306499482072
CVC-ClinicDB,test,375.png,384,288,0.8617259837962963,1,1.4827586206896552,74.76793077256944,55.36167163211419
CVC-ClinicDB,test,376.png,384,288,2.339228877314815,1,1.6444444444444444,73.03514720775463,56.22588027622513
CVC-ClinicDB,test,377.png,384,288,1.9675925925925926,1,1.4222222222222223,74.34028682002315,55.93211512803277
CVC-ClinicDB,test,378.png,384,288,1.716218171296296,1,1.4634146341463414,74.43032045717592,56.15637084890616
CVC-ClinicDB,test,379.png,384,288,1.2424045138888888,1,1.411764705882353,72.1049171730324,52.20196036061815
CVC-ClinicDB,test,38.png,384,288,4.16576244212963,1,1.5,96.72689706307871,64.17704701560291
CVC-ClinicDB,test,380.png,384,288,1.6493055555555556,1,1.3902439024390243,81.26139322916667,60.958151448168884
CVC-ClinicDB,test,381.png,384,288,2.4269386574074074,1,1.4285714285714286,81.72905815972223,62.5833028111386
CVC-ClinicDB,test,382.png,384,288,2.8691044560185186,1,1.3703703703703705,76.09837058738425,57.65235771972926
CVC-ClinicDB,test,383.png,384,288,2.6647497106481484,1,1.46,75.08135308159723,56.24534775854741
CVC-ClinicDB,test,384.png,384,288,27.08966290509259,1,0.6511627906976745,78.98661747685185,57.40409409084611
CVC-ClinicDB,test,385.png,384,288,23.680736400462962,1,0.6023166023166023,78.66918041087963,56.85038741670586
CVC-ClinicDB,test,386.png,384,288,25.53168402777778,1,0.6772908366533864,75.1734031394676,58.68540729613997
CVC-ClinicDB,test,387.png,384,288,25.062391493055557,1,0.6533864541832669,74.77814850983796,59.61473970399235
CVC-ClinicDB,test,388.png,384,288,23.19064670138889,1,0.7061224489795919,74.96773726851852,54.71506885185634
CVC-ClinicDB,test,389.png,384,288,19.35402199074074,1,0.6805555555555556,88.07634367766204,55.923250955043095
CVC-ClinicDB,test,39.png,384,288,3.837528935185185,1,1.5517241379310345,96.63456669560185,64.22843737327005
CVC-ClinicDB,test,390.png,384,288,16.408058449074073,1,0.5693069306930693,84.34042245370371,53.51960352670808
CVC-ClinicDB,test,391.png,384,288,4.881004050925926,1,0.5478260869565217,100.80159505208333,61.84463052099775
CVC-ClinicDB,test,392.png,384,288,7.463469328703703,1,0.6929133858267716,84.4895652488426,55.85663883468815
CVC-ClinicDB,test,393.png,384,288,6.750036168981481,1,0.7672413793103449,85.03077076099537,53.77514117546266
CVC-ClinicDB,test,394.png,384,288,7.0945457175925934,1,0.7966101694915254,83.67353877314815,56.45841080514572
CVC-ClinicDB,test,395.png,384,288,10.13816550925926,1,0.7883211678832117,78.84177879050925,58.397405090842916
CVC-ClinicDB,test,396.png,384,288,10.290075231481481,1,0.7638888888888888,80.0470558449074,56.73454235695815
CVC-ClinicDB,test,397.png,384,288,13.469328703703704,1,0.7592592592592593,83.76535373263889,57.854971646568785
CVC-ClinicDB,test,398.png,384,288,16.46140769675926,1,0.7297297297297297,79.33985279224537,63.74902482239141
CVC-ClinicDB,test,399.png,384,288,10.807291666666668,1,0.7793103448275862,74.36152705439815,52.951189442814645
CVC-ClinicDB,test,4.png,384,288,19.151475694444446,1,1.44375,78.77737991898148,57.76586841613418
CVC-ClinicDB,test,40.png,384,288,7.165075231481481,1,1.4022988505747127,95.12442129629629,63.98438990659753
CVC-ClinicDB,test,400.png,384,288,6.145109953703703,1,0.7280701754385965,87.94834165219908,49.98051756899174
CVC-ClinicDB,test,401.png,384,288,8.46896701388889,1,0.7903225806451613,92.42038302951389,68.4472258233643
CVC-ClinicDB,test,402.png,384,288,12.651909722222221,1,0.8410596026490066,82.50784866898148,55.89284352407082
CVC-ClinicDB,test,403.png,384,288,8.532262731481481,1,0.7633587786259542,85.87595847800925,50.955302004386446
CVC-ClinicDB,test,404.png,384,288,9.837058738425926,1,0.6551724137931034,88.77690972222223,50.998796118676665
CVC-ClinicDB,test,405.png,384,288,8.184136284722223,1,0.7230769230769231,89.28645833333333,50.93516729136581
CVC-ClinicDB,test,406.png,384,288,8.732096354166668,1,0.6428571428571429,87.47411205150463,50.06246820043844
CVC-ClinicDB,test,407.png,384,288,9.778284143518519,1,0.66,81.75926830150463,56.603182308027094
CVC-ClinicDB,test,408.png,384,288,7.200339988425926,1,0.5571428571428572,101.56426323784723,65.49028261215066
CVC-ClinicDB,test,409.png,384,288,25.93948929398148,1,1.7692307692307692,85.10635489004629,55.61590133901265
CVC-ClinicDB,test,41.png,384,288,4.265227141203703,1,1.3333333333333333,96.21772822627315,64.45609738671087
CVC-ClinicDB,test,410.png,384,288,8.0322265625,1,1.2884615384615385,77.49380606192129,53.03896387624561
CVC-ClinicDB,test,411.png,384,288,5.814163773148148,1,0.9896907216494846,78.91891818576389,57.304551734401684
CVC-ClinicDB,test,412.png,384,288,6.191225405092593,1,0.912621359223301,77.28563548900463,56.184623310345394
CVC-ClinicDB,test,413.png,384,288,6.13697193287037,1,0.8148148148148148,69.69509548611111,53.48086678915944
CVC-ClinicDB,test,414.png,384,288,28.622323495370374,1,0.9658536585365853,80.29274269386575,52.123296600080664
CVC-ClinicDB,test,415.png,384,288,13.947663483796296,1,1.129251700680272,84.34811740451389,54.33635420484531
CVC-ClinicDB,test,416.png,384,288,12.974717881944445,1,1.1347517730496455,79.34375,50.70652390094295
CVC-ClinicDB,test,417.png,384,288,9.318033854166668,1,0.8656716417910447,83.75558810763889,59.42266495243288
CVC-ClinicDB,test,418.png,384,288,4.797815393518518,1,1.0898876404494382,83.51456705729167,55.02711089140944
CVC-ClinicDB,test,419.png,384,288,13.670066550925927,1,1.2262773722627738,81.26055230034723,53.85191111772887
CVC-ClinicDB,test,42.png,384,288,6.214735243055555,1,1.3058823529411765,96.18772605613425,65.05922168179131
CVC-ClinicDB,test,420.png,384,288,16.22992621527778,1,1.1324503311258278,82.76416015625,53.61370420907635
CVC-ClinicDB,test,421.png,384,288,13.866283275462962,1,1.2748091603053435,80.41990379050925,50.79308182209575
CVC-ClinicDB,test,422.png,384,288,31.092664930555557,1,1.113861386138614,87.90456814236111,60.0247767259595
CVC-ClinicDB,test,423.png,384,288,14.928747106481483,1,1.0972222222222223,75.54636863425925,54.78630543697533
CVC-ClinicDB,test,424.png,384,288,2.322048611111111,1,1.1730769230769231,87.10591182002315,59.31536741477057
CVC-ClinicDB,test,425.png,384,288,2.464916087962963,1,1.1578947368421053,84.10736762152777,52.699162636546255
CVC-ClinicDB,test,426.png,384,288,8.707682291666668,1,1.0956521739130434,80.48052300347223,52.77213557593615
CVC-ClinicDB,test,427.png,384,288,11.214192708333332,1,1.797872340425532,72.81889286747685,52.55402705403285
CVC-ClinicDB,test,428.png,384,288,10.11013454861111,1,1.4680851063829787,78.328369140625,55.47309224939943
CVC-ClinicDB,test,429.png,384,288,6.938114872685184,1,0.7931034482758621,77.8178077980324,55.81277120670319
CVC-ClinicDB,test,43.png,384,288,5.002170138888888,1,1.4714285714285715,96.1640625,64.20271264235879
CVC-ClinicDB,test,430.png,384,288,6.543872974537036,1,0.8198198198198198,80.20864981192129,57.778998238916145
CVC-ClinicDB,test,431.png,384,288,5.709273726851852,1,0.8446601941747572,74.40050817418981,52.549381993002584
CVC-ClinicDB,test,432.png,384,288,8.060257523148149,1,0.875,79.00694444444444,56.651037968964296
CVC-ClinicDB,test,433.png,384,288,8.396629050925926,1,0.8387096774193549,77.33777307581019,55.74459494761929
CVC-ClinicDB,test,434.png,384,288,9.01150173611111,1,0.813953488372093,77.83023184317129,56.57222966651862
CVC-ClinicDB,test,435.png,384,288,7.029441550925926,1,0.8468468468468469,77.42747214988425,56.329077826715576
CVC-ClinicDB,test,436.png,384,288,6.692165798611111,1,0.8636363636363636,87.363037109375,62.37070751640667
CVC-ClinicDB,test,437.png,384,288,6.572808159722222,1,0.8545454545454545,79.36995442708333,57.23307828809034
CVC-ClinicDB,test,438.png,384,288,15.421549479166666,1,0.8373493975903614,64.88597728587963,55.1871411905417
CVC-ClinicDB,test,439.png,384,288,6.87572337962963,1,0.711864406779661,78.305419921875,53.266391266035576
CVC-ClinicDB,test,44.png,384,288,7.9345703125,1,1.5,94.97153501157408,66.01620831652603
CVC-ClinicDB,test,440.png,384,288,5.341254340277778,1,0.5785123966942148,78.16377314814815,51.26761794738921
CVC-ClinicDB,test,441.png,384,288,2.2180627893518516,1,0.9206349206349206,91.63519965277777,60.017271404881626
CVC-ClinicDB,test,442.png,384,288,3.6756727430555554,1,0.7294117647058823,80.16268807870371,55.05725930578977
CVC-ClinicDB,test,443.png,384,288,5.717411747685185,1,0.7757009345794392,74.71620912905092,56.07872572827382
CVC-ClinicDB,test,444.png,384,288,6.667751736111111,1,0.9142857142857143,69.20303457754629,50.882746420541466
CVC-ClinicDB,test,445.png,384,288,12.758608217592593,1,0.7987012987012987,73.5291160300926,57.12375142412211
CVC-ClinicDB,test,446.png,384,288,11.936668113425926,1,0.7814569536423841,68.203857421875,51.95235014341618
CVC-ClinicDB,test,447.png,384,288,2.7533637152777777,1,0.8611111111111112,83.74055989583333,52.82282218739935
CVC-ClinicDB,test,448.png,384,288,5.735496238425926,1,0.9591836734693877,86.61655454282408,54.06154141831935
CVC-ClinicDB,test,449.png,384,288,4.414424189814815,1,0.9411764705882353,86.36368815104167,51.76729244497249
CVC-ClinicDB,test,45.png,384,288,5.683051215277778,1,1.394736842105263,95.61172598379629,65.1318778186992
CVC-ClinicDB,test,450.png,384,288,2.494755497685185,1,0.9516129032258065,86.15009223090277,50.83139934872819
CVC-ClinicDB,test,451.png,384,288,1.9513165509259258,1,0.9272727272727272,86.28486689814815,51.05082024934009
CVC-ClinicDB,test,452.png,384,288,3.3293547453703707,1,1.0285714285714285,95.45653392650463,57.63699344209589
CVC-ClinicDB,test,453.png,384,288,3.6657262731481484,1,0.8961038961038961,85.81040219907408,49.92758975808064
CVC-ClinicDB,test,454.png,384,288,5.87474681712963,1,0.9081632653061225,86.64018192997685,50.7927097788351
CVC-ClinicDB,test,455.png,384,288,7.597294560185184,1,0.9532710280373832,88.08834273726852,52.41731295104254
CVC-ClinicDB,test,456.png,384,288,9.856047453703704,1,0.8702290076335878,87.36628327546296,52.28252176609157
CVC-ClinicDB,test,457.png,384,288,8.82884837962963,1,1.024793388429752,85.3443015769676,52.36762403216527
CVC-ClinicDB,test,458.png,384,288,4.170283564814815,1,1.108433734939759,88.80567310474537,56.06880512234687
CVC-ClinicDB,test,459.png,384,288,3.788700810185185,1,0.8961038961038961,88.19474283854167,51.86878142315935
CVC-ClinicDB,test,46.png,384,288,5.731879340277778,1,1.6338028169014085,104.14613172743056,62.96535015787469
CVC-ClinicDB,test,460.png,384,288,4.850260416666666,1,0.9647058823529412,87.33536783854167,52.47906143698617
CVC-ClinicDB,test,461.png,384,288,5.954318576388888,1,0.90625,77.78810402199075,45.00188541229837
CVC-ClinicDB,test,462.png,384,288,6.863968460648148,1,1.0510204081632653,87.21347837094908,51.58298598628407
CVC-ClinicDB,test,463.png,384,288,10.561342592592593,1,0.9312977099236641,80.96651656539352,50.112432816305684
CVC-ClinicDB,test,464.png,384,288,7.696759259259259,1,0.8596491228070176,86.26854564525463,50.53228119356856
CVC-ClinicDB,test,465.png,384,288,10.898618344907407,1,1.031496062992126,83.859375,53.089977477395365
CVC-ClinicDB,test,466.png,384,288,10.26023582175926,1,0.835820895522388,90.20038519965277,54.43137727808508
CVC-ClinicDB,test,467.png,384,288,8.884910300925926,1,0.8412698412698413,74.45986147280092,63.311470394981036
CVC-ClinicDB,test,468.png,384,288,10.691550925925926,1,1.1296296296296295,78.85489908854167,62.048717436823594
CVC-ClinicDB,test,469.png,384,288,12.076822916666668,1,0.8924731182795699,75.93047417534723,63.22540105366194
CVC-ClinicDB,test,47.png,384,288,9.401222511574074,1,1.3737373737373737,105.2233253761574,62.489238534598925
CVC-ClinicDB,test,470.png,384,288,9.000651041666668,1,1.0,69.90192780671296,70.10393284003433
CVC-ClinicDB,test,471.png,384,288,19.45439091435185,1,0.8577586206896551,76.59830729166667,69.41870828684038
CVC-ClinicDB,test,472.png,384,288,20.780888310185187,1,1.2322274881516588,75.61137333622685,64.120487264742
CVC-ClinicDB,test,473.png,384,288,15.202727141203704,1,1.220125786163522,76.11685293692129,57.001685236219345
CVC-ClinicDB,test,474.png,384,288,17.042824074074073,1,1.2146892655367232,78.67038302951389,61.29746479939235
CVC-ClinicDB,test,475.png,384,288,21.49432146990741,1,1.3020833333333333,77.47397641782408,61.60729205004555
CVC-ClinicDB,test,476.png,384,288,17.870189525462962,1,0.9224489795918367,71.08817093460648,65.64132438919422
CVC-ClinicDB,test,477.png,384,288,17.81231915509259,1,0.9392712550607287,70.99992766203704,65.91047516987426
CVC-ClinicDB,test,478.png,384,288,20.52047164351852,1,0.9488188976377953,71.846435546875,67.57376912843624
CVC-ClinicDB,test,479.png,384,288,15.657552083333334,1,0.9554140127388535,79.35761176215277,56.515364111737924
CVC-ClinicDB,test,48.png,384,288,4.562717013888888,1,1.5,102.69494176793981,62.957344142248715
CVC-ClinicDB,test,480.png,384,288,14.207175925925927,1,1.0492957746478873,79.5422996238426,56.50640491731289
CVC-ClinicDB,test,481.png,384,288,13.57693142361111,1,1.013986013986014,79.82354058159723,56.71487712794495
CVC-ClinicDB,test,482.png,384,288,19.56108940972222,1,1.0,82.52599645543981,57.724063150001975
CVC-ClinicDB,test,483.png,384,288,19.91283275462963,1,0.9655172413793104,81.40625,57.486538216347114
CVC-ClinicDB,test,484.png,384,288,16.710069444444446,1,0.9748427672955975,80.10787398726852,56.04969924034557
CVC-ClinicDB,test,485.png,384,288,13.157371238425927,1,0.9391891891891891,80.2636085792824,56.10482922953376
CVC-ClinicDB,test,486.png,384,288,5.162217881944445,1,1.0919540229885059,86.16470449942129,67.81022400998077
CVC-ClinicDB,test,487.png,384,288,10.413953993055555,1,1.4081632653061225,81.48254846643519,55.42361510702761
CVC-ClinicDB,test,488.png,384,288,10.827184606481481,1,1.42,79.89240632233796,58.20542126209435
CVC-ClinicDB,test,489.png,384,288,28.99395978009259,1,1.0495049504950495,78.03055374710648,57.81065529455634
CVC-ClinicDB,test,49.png,384,288,8.031322337962964,1,1.6071428571428572,106.13265878182871,61.93015078339817
CVC-ClinicDB,test,490.png,384,288,48.96195023148148,1,1.0745098039215686,86.56725622106481,68.85683550810224
CVC-ClinicDB,test,491.png,384,288,18.74728732638889,1,0.8956043956043956,74.32283528645833,54.96909255038165
CVC-ClinicDB,test,492.png,384,288,20.494249131944446,1,1.1923076923076923,81.16295934606481,58.39140115363221
CVC-ClinicDB,test,493.png,384,288,18.896484375,1,1.2206896551724138,81.97101960358796,57.22195854851478
CVC-ClinicDB,test,494.png,384,288,16.257957175925927,1,1.27007299270073,75.75474717881944,52.14103739262878
CVC-ClinicDB,test,495.png,384,288,18.63335503472222,1,1.0566037735849056,78.4806495949074,56.89648545117775
CVC-ClinicDB,test,496.png,384,288,17.072663483796298,1,1.0933333333333333,74.6823097511574,56.34371278953192
CVC-ClinicDB,test,497.png,384,288,35.757559317129626,1,1.0401785714285714,76.85680700231481,56.47183305795143
CVC-ClinicDB,test,498.png,384,288,25.94220196759259,1,0.964824120603015,73.18626121238425,55.084608989670656
CVC-ClinicDB,test,499.png,384,288,24.137369791666664,1,0.9637305699481865,78.02339228877315,59.234019585722265
CVC-ClinicDB,test,5.png,384,288,16.92798755787037,1,1.5172413793103448,77.3029152199074,58.06097195451019
CVC-ClinicDB,test,50.png,384,288,2.662037037037037,1,1.2,102.89744285300925,61.9272986163467
CVC-ClinicDB,test,500.png,384,288,13.321940104166666,1,0.9863945578231292,80.73892324942129,58.28932747146395
CVC-ClinicDB,test,501.png,384,288,15.303096064814813,1,1.019736842105263,78.26195384837963,56.04486185879662
CVC-ClinicDB,test,502.png,384,288,17.725513599537038,1,0.9817073170731707,78.6845703125,58.15912592077043
CVC-ClinicDB,test,503.png,384,288,20.756474247685187,1,1.0058479532163742,77.62990993923611,58.69977718632039
CVC-ClinicDB,test,504.png,384,288,9.123625578703704,1,0.7874015748031497,90.22765661168981,61.97112279220296
CVC-ClinicDB,test,505.png,384,288,13.758680555555555,1,0.7639751552795031,74.56688548900463,48.53101572765825
CVC-ClinicDB,test,506.png,384,288,40.414315682870374,1,0.9063829787234042,82.08737521701389,56.20475648744304
CVC-ClinicDB,test,507.png,384,288,37.156394675925924,1,1.3080808080808082,94.62112991898148,66.61537885457501
CVC-ClinicDB,test,508.png,384,288,14.860930266203704,1,0.81875,115.56413664641204,82.1925394679307
CVC-ClinicDB,test,509.png,384,288,11.30099826388889,1,0.7549668874172185,80.69282588252315,63.67523558133689
CVC-ClinicDB,test,51.png,384,288,0.9774667245370371,1,0.7906976744186046,63.63373480902778,45.88125336435808
CVC-ClinicDB,test,510.png,384,288,10.437463831018519,1,0.7342657342657343,86.35661711516204,66.67560231847332
CVC-ClinicDB,test,511.png,384,288,6.31419994212963,1,0.7454545454545455,69.95992476851852,51.28466360227723
CVC-ClinicDB,test,512.png,384,288,5.977828414351852,1,1.0206185567010309,78.77031792534723,59.33070021717042
CVC-ClinicDB,test,513.png,384,288,7.039388020833333,1,1.0980392156862746,92.72318070023148,71.23475761452767
CVC-ClinicDB,test,514.png,384,288,9.404839409722223,1,1.577319587628866,90.9422019675926,65.9161123704637
CVC-ClinicDB,test,515.png,384,288,7.716652199074074,1,1.4838709677419355,77.0789207175926,57.06682800555189
CVC-ClinicDB,test,516.png,384,288,12.006293402777777,1,0.8391608391608392,98.14680085358796,65.33310162687096
CVC-ClinicDB,test,517.png,384,288,7.579210069444445,1,1.107843137254902,87.28625940393519,59.18114519273292
CVC-ClinicDB,test,518.png,384,288,6.278935185185184,1,1.1428571428571428,91.43709309895833,59.73376006599839
CVC-ClinicDB,test,519.png,384,288,15.780526620370368,1,1.0662251655629138,67.69678638599537,51.807772191952886
CVC-ClinicDB,test,52.png,384,288,0.9494357638888888,1,0.8717948717948718,62.73018844039352,47.181056603870196
CVC-ClinicDB,test,520.png,384,288,19.73650896990741,1,1.3706293706293706,87.91760706018519,60.11178666098623
CVC-ClinicDB,test,521.png,384,288,9.177879050925926,1,1.2547169811320755,84.60500759548611,64.05639555284998
CVC-ClinicDB,test,522.png,384,288,6.760886863425926,1,1.3255813953488371,87.56348560474537,68.74733266787304
CVC-ClinicDB,test,523.png,384,288,4.395435474537037,1,1.267605633802817,90.59826208043981,65.83709801738367
CVC-ClinicDB,test,524.png,384,288,17.87109375,1,1.3955223880597014,96.06001338252315,65.47459013684457
CVC-ClinicDB,test,525.png,384,288,9.88498263888889,1,1.276190476190476,95.05457899305556,61.805084991663946
CVC-ClinicDB,test,526.png,384,288,7.746491608796297,1,1.1919191919191918,83.66128653067129,65.27425193169958
CVC-ClinicDB,test,527.png,384,288,7.670536747685184,1,1.524390243902439,97.0996726707176,61.114518403582984
CVC-ClinicDB,test,528.png,384,288,9.605577256944445,1,1.3137254901960784,79.03452329282408,63.029703676563855
CVC-ClinicDB,test,529.png,384,288,2.360026041666667,1,0.5641025641025641,86.08344184027777,62.86887571063295
CVC-ClinicDB,test,53.png,384,288,0.7405598958333333,1,0.9411764705882353,59.83128074363426,37.1106464045598
CVC-ClinicDB,test,530.png,384,288,2.290400752314815,1,0.5733333333333334,76.233154296875,52.26920644912217
CVC-ClinicDB,test,531.png,384,288,2.63671875,1,0.6493506493506493,87.13145616319444,64.38890079447988
CVC-ClinicDB,test,532.png,384,288,3.1891999421296293,1,0.6436781609195402,91.44078233506944,61.1002209399485
CVC-ClinicDB,test,533.png,384,288,4.294162326388888,1,0.5321100917431193,92.54946108217592,65.28443441661052
CVC-ClinicDB,test,534.png,384,288,5.538375289351852,1,0.5245901639344263,93.50990125868056,70.59813760833103
CVC-ClinicDB,test,535.png,384,288,5.872938368055555,1,0.5916666666666667,96.78409830729167,73.06092846809807
CVC-ClinicDB,test,536.png,384,288,6.181278935185185,1,0.5528455284552846,90.52772352430556,77.4699616149104
CVC-ClinicDB,test,537.png,384,288,3.955982349537037,1,0.6702127659574468,90.45913809317129,63.44327988523479
CVC-ClinicDB,test,538.png,384,288,4.1078920717592595,1,0.6176470588235294,89.75329137731481,64.19178271545998
CVC-ClinicDB,test,539.png,384,288,6.692165798611111,1,0.6212121212121212,91.21097366898148,64.92381795032092
CVC-ClinicDB,test,54.png,384,288,0.4014756944444444,1,1.0,69.32094545717592,44.18070056391044
CVC-ClinicDB,test,540.png,384,288,12.354419849537036,1,0.5730337078651685,90.548095703125,64.77577694156359
CVC-ClinicDB,test,541.png,384,288,4.94068287037037,1,0.5625,101.36577690972223,72.58756134289354
CVC-ClinicDB,test,542.png,384,288,5.748155381944445,1,0.5583333333333333,87.05012116608796,66.12358161225626
CVC-ClinicDB,test,543.png,384,288,8.32248263888889,1,0.624113475177305,105.40271448206019,76.77808021311075
CVC-ClinicDB,test,544.png,384,288,12.718822337962962,1,0.6235294117647059,85.804931640625,62.459538319940755
CVC-ClinicDB,test,545.png,384,288,5.676721643518518,1,0.5932203389830508,86.04005714699075,64.08577536658983
CVC-ClinicDB,test,546.png,384,288,5.438910590277778,1,0.6666666666666666,84.92324942129629,60.80358865874233
CVC-ClinicDB,test,547.png,384,288,4.353841145833334,2,1.0806451612903225,77.52689163773148,52.34264699849034
CVC-ClinicDB,test,548.png,384,288,5.85033275462963,2,1.0109276347741623,71.91159396701389,49.044490591912634
CVC-ClinicDB,test,549.png,384,288,1.805736400462963,2,0.6386904761904761,72.8812843605324,49.05491161075709
CVC-ClinicDB,test,55.png,384,288,0.6013093171296297,1,1.0344827586206897,68.36472800925925,43.429477585995166
CVC-ClinicDB,test,550.png,384,288,5.541087962962963,2,1.2775297619047619,70.73536964699075,48.47538162957304
CVC-ClinicDB,test,551.png,384,288,5.5908203125,2,1.278694673668417,71.41897243923611,48.950416941979725
CVC-ClinicDB,test,552.png,384,288,5.63060619212963,2,1.2396761133603238,71.35123697916667,49.00215814736645
CVC-ClinicDB,test,553.png,384,288,7.136140046296297,2,1.1069444444444443,70.90349211516204,49.5641201405908
CVC-ClinicDB,test,554.png,384,288,7.995153356481481,2,1.0638655462184874,69.83030418113425,48.87339950270665
CVC-ClinicDB,test,555.png,384,288,6.6550925925925934,2,1.1469344608879493,70.63481083622685,49.87156755479947
CVC-ClinicDB,test,556.png,384,288,6.4841941550925934,2,1.1592442645074224,69.19916449652777,49.30140227300175
CVC-ClinicDB,test,557.png,384,288,5.252640335648148,2,1.0990033222591362,71.27258752893519,49.69457847760505
CVC-ClinicDB,test,558.png,384,288,5.16040943287037,2,1.2153972153972155,70.02347366898148,48.94803776408669
CVC-ClinicDB,test,559.png,384,288,0.3372757523148148,1,0.92,73.96540436921296,49.18273572495915
CVC-ClinicDB,test,56.png,384,288,2.555338541666667,1,0.9833333333333333,63.935546875,45.83915727854997
CVC-ClinicDB,test,560.png,384,288,3.5716869212962967,2,1.1998910675381262,63.98585792824074,43.412655252633215
CVC-ClinicDB,test,561.png,384,288,5.179398148148148,2,1.1161129568106314,72.47388599537037,48.88004310029813
CVC-ClinicDB,test,562.png,384,288,6.421802662037036,2,1.0355205373288556,72.52784107349537,49.43625919881624
CVC-ClinicDB,test,563.png,384,288,11.167173032407407,1,1.3097345132743363,70.555908203125,50.26553301531112
CVC-ClinicDB,test,564.png,384,288,12.10033275462963,1,1.2183098591549295,61.529025607638886,44.85077564131446
CVC-ClinicDB,test,565.png,384,288,8.481626157407407,2,1.1022528160200251,66.05912724247685,47.89548674862382
CVC-ClinicDB,test,566.png,384,288,3.139467592592592,2,1.1588235294117646,70.66276041666667,47.73057958638351
CVC-ClinicDB,test,567.png,384,288,3.2787181712962967,2,1.2959001782531194,73.60460069444444,46.877831316803814
CVC-ClinicDB,test,568.png,384,288,1.2252242476851851,2,1.1513227513227515,76.61524341724537,45.95042799853733
CVC-ClinicDB,test,569.png,384,288,2.297634548611111,2,1.0531914893617023,76.9267578125,46.02566266934754
CVC-ClinicDB,test,57.png,384,288,1.2243200231481481,1,0.9069767441860465,51.389485677083336,33.23855439463801
CVC-ClinicDB,test,570.png,384,288,1.8111617476851853,2,0.6587732919254659,74.07192201967592,46.1069862834104
CVC-ClinicDB,test,571.png,384,288,3.7416811342592595,2,1.0357142857142858,74.87969292534723,46.157489701699916
CVC-ClinicDB,test,572.png,384,288,4.011140046296297,1,1.3333333333333333,49.83278175636574,52.64964314464675
CVC-ClinicDB,test,573.png,384,288,2.228009259259259,1,1.2181818181818183,75.16852936921296,75.41637693156346
CVC-ClinicDB,test,574.png,384,288,2.044451678240741,1,1.411764705882353,74.62499095775463,71.1016743809318
CVC-ClinicDB,test,575.png,384,288,4.126880787037037,1,1.2840909090909092,76.06110749421296,69.78196314147934
CVC-ClinicDB,test,576.png,384,288,5.107964409722222,1,2.4827586206896552,49.5753490306713,54.730387789166194
CVC-ClinicDB,test,577.png,384,288,5.040147569444445,1,2.3846153846153846,45.806948061342595,50.6218777919809
CVC-ClinicDB,test,578.png,384,288,4.993127893518518,1,2.32,57.880154079861114,51.81398736254196
CVC-ClinicDB,test,579.png,384,288,11.70337818287037,1,2.4761904761904763,56.081850405092595,56.15341623594422
CVC-ClinicDB,test,58.png,384,288,1.2125651041666665,1,0.8478260869565217,73.8257468894676,46.07479669261803
CVC-ClinicDB,test,580.png,384,288,14.145688657407407,1,2.3684210526315788,61.50244140625,62.80682667257138
CVC-ClinicDB,test,581.png,384,288,16.73629195601852,1,2.1219512195121952,65.9642921730324,63.93542415596066
CVC-ClinicDB,test,582.png,384,288,7.878508391203703,1,1.1818181818181819,70.41198278356481,63.05625161471002
CVC-ClinicDB,test,583.png,384,288,4.638671875,1,0.963855421686747,67.26777705439815,62.00234831782448
CVC-ClinicDB,test,584.png,384,288,2.783203125,1,1.2033898305084745,69.59502495659723,64.06908667744837
CVC-ClinicDB,test,585.png,384,288,2.1855107060185186,1,1.1864406779661016,67.78965928819444,62.96454679462338
CVC-ClinicDB,test,586.png,384,288,4.014756944444445,1,1.2253521126760563,64.35417570891204,61.02791919903052
CVC-ClinicDB,test,587.png,384,288,2.3139105902777777,1,1.1636363636363636,64.15992115162037,60.35553972155819
CVC-ClinicDB,test,588.png,384,288,1.9748263888888888,1,1.1176470588235294,66.60119176793981,60.06587980875233
CVC-ClinicDB,test,589.png,384,288,2.215350115740741,1,1.0727272727272728,66.20450846354167,59.35833523080185
CVC-ClinicDB,test,59.png,384,288,1.044379340277778,1,0.7954545454545454,71.58821614583333,42.915821079865964
CVC-ClinicDB,test,590.png,384,288,1.9413700810185186,1,1.183673469387755,71.03718171296296,58.40732682396628
CVC-ClinicDB,test,591.png,384,288,1.774992766203704,1,1.2173913043478262,65.09632703993056,59.59194959038297
CVC-ClinicDB,test,592.png,384,288,4.338469328703703,1,1.9322033898305084,74.16636827256944,54.40379518972201
CVC-ClinicDB,test,593.png,384,288,4.089807581018518,1,1.7833333333333334,75.44937246817129,53.153501387131755
CVC-ClinicDB,test,594.png,384,288,3.977683738425926,1,1.894736842105263,71.0130027488426,58.11523879031535
CVC-ClinicDB,test,595.png,384,288,2.5462962962962963,1,2.088888888888889,53.57087311921296,56.21257278642823
CVC-ClinicDB,test,596.png,384,288,1.8997757523148147,1,2.0526315789473686,58.690854673032405,51.125351928321315
CVC-ClinicDB,test,597.png,384,288,1.0073061342592593,1,2.3703703703703702,68.00189887152777,56.4909787679252
CVC-ClinicDB,test,598.png,384,288,2.341941550925926,1,2.097560975609756,75.16289605034723,54.003324633124215
CVC-ClinicDB,test,599.png,384,288,3.3365885416666665,1,1.7358490566037736,78.05910915798611,56.51785670136583
CVC-ClinicDB,test,6.png,384,288,18.40549045138889,1,0.9832402234636871,73.694580078125,61.28102666535807
CVC-ClinicDB,test,60.png,384,288,2.472149884259259,1,0.7794117647058824,70.97261103877315,47.281581428037306
CVC-ClinicDB,test,600.png,384,288,7.429108796296297,1,1.759493670886076,61.27678313078704,50.142874542368034
CVC-ClinicDB,test,601.png,384,288,5.402741608796297,1,1.8484848484848484,76.77737991898148,55.38510607052265
CVC-ClinicDB,test,602.png,384,288,5.727358217592593,1,1.9253731343283582,76.78248878761575,58.66891527338566
CVC-ClinicDB,test,603.png,384,288,6.803385416666667,1,2.0428571428571427,69.14404296875,58.12526410261988
CVC-ClinicDB,test,604.png,384,288,5.947084780092593,1,2.2153846153846155,62.772451895254626,58.94462326729503
CVC-ClinicDB,test,605.png,384,288,2.552625868055556,1,0.5222222222222223,50.98638237847222,47.202353627429936
CVC-ClinicDB,test,606.png,384,288,3.161168981481482,1,0.6276595744680851,75.34329788773148,51.99843256855825
CVC-ClinicDB,test,607.png,384,288,1.7677589699074074,1,0.5,79.4710105613426,52.21698728412307
CVC-ClinicDB,test,608.png,384,288,2.5245949074074074,1,2.41025641025641,62.928077980324076,59.082618616590246
CVC-ClinicDB,test,609.png,384,288,3.7027994791666665,1,2.1346153846153846,51.721390335648145,49.71461974260144
CVC-ClinicDB,test,61.png,384,288,1.9793475115740742,1,0.8928571428571429,67.73715096932871,41.37350537906807
CVC-ClinicDB,test,610.png,384,288,3.855613425925926,1,2.2,76.89950448495371,53.62793281890729
CVC-ClinicDB,test,611.png,384,288,3.5970052083333335,1,2.276595744680851,78.07860423900463,51.19997909098219
CVC-ClinicDB,test,612.png,384,288,1.9314236111111112,1,2.323529411764706,49.33250144675926,43.43029071627244
CVC-ClinicDB,test,62.png,384,288,1.2577763310185186,1,0.7358490566037735,71.09681532118056,43.71762488442052
CVC-ClinicDB,test,63.png,384,288,1.3536241319444444,1,0.9130434782608695,70.88677300347223,43.57273261396608
CVC-ClinicDB,test,64.png,384,288,1.1402271412037037,1,0.8409090909090909,70.27841073495371,42.050102018495785
CVC-ClinicDB,test,65.png,384,288,1.2369791666666665,1,0.9302325581395349,73.18028428819444,44.65099615188358
CVC-ClinicDB,test,66.png,384,288,1.4476634837962963,1,0.8541666666666666,78.43307834201389,47.459705008270085
CVC-ClinicDB,test,67.png,384,288,1.5507450810185186,1,1.0217391304347827,71.86470992476852,43.601904996669575
CVC-ClinicDB,test,68.png,384,288,5.957935474537037,1,1.5903614457831325,48.94810655381944,53.5024772798643
CVC-ClinicDB,test,69.png,384,288,1.2270326967592593,1,0.8444444444444444,62.739058883101855,45.728984924464896
CVC-ClinicDB,test,7.png,384,288,21.147099247685187,1,1.0944444444444446,73.16914424189815,61.49097870524885
CVC-ClinicDB,test,70.png,384,288,2.756980613425926,2,1.4108527131782944,57.5399486400463,47.242626646399174
CVC-ClinicDB,test,71.png,384,288,0.7893880208333334,2,1.441919191919192,58.541847511574076,38.3746784045354
CVC-ClinicDB,test,72.png,384,288,2.589699074074074,3,1.521452719018642,60.409713179976855,48.589078881692956
CVC-ClinicDB,test,73.png,384,288,2.818467881944444,3,1.127730294396961,55.711769386574076,40.62429334777216
CVC-ClinicDB,test,74.png,384,288,2.4811921296296298,3,1.314520402755697,58.3992603443287,39.63947130070966
CVC-ClinicDB,test,75.png,384,288,2.4567780671296298,3,1.5400883838383839,60.2447193287037,44.27885067478365
CVC-ClinicDB,test,76.png,384,288,1.727068865740741,2,0.9597288676236044,62.41344762731482,46.92892206448705
CVC-ClinicDB,test,77.png,384,288,1.9404658564814814,2,1.026272577996716,60.879439742476855,48.195972232724216
CVC-ClinicDB,test,78.png,384,288,1.758716724537037,1,1.3488372093023255,64.94899269386575,45.08639702287312
CVC-ClinicDB,test,79.png,384,288,1.8364800347222223,1,0.625,105.03510199652777,67.64421414666579
CVC-ClinicDB,test,8.png,384,288,22.429289641203702,1,1.9932432432432432,76.55380135995371,56.555115920740036
CVC-ClinicDB,test,80.png,384,288,1.166449652777778,1,0.8043478260869565,104.87315538194444,69.56983756971432
CVC-ClinicDB,test,81.png,384,288,6.690357349537036,1,1.2476190476190476,95.13747829861111,63.50571841305618
CVC-ClinicDB,test,82.png,384,288,3.2778139467592595,1,0.6707317073170732,88.94121636284723,56.8577648043221
CVC-ClinicDB,test,83.png,384,288,7.29076244212963,1,1.074766355140187,96.02904369212963,64.17054438418243
CVC-ClinicDB,test,84.png,384,288,4.747178819444445,1,0.7717391304347826,95.52422417534723,61.833201070497026
CVC-ClinicDB,test,85.png,384,288,5.2734375,1,0.8709677419354839,93.64840133101852,62.04824497498303
CVC-ClinicDB,test,86.png,384,288,5.522099247685185,1,0.8571428571428571,92.61549660011575,59.65027219460684
CVC-ClinicDB,test,87.png,384,288,5.781611689814815,1,0.8529411764705882,95.34093786168981,62.44514403552083
CVC-ClinicDB,test,88.png,384,288,4.082573784722222,1,0.9358974358974359,96.73878761574075,62.060239786992554
CVC-ClinicDB,test,89.png,384,288,4.390914351851852,1,0.8823529411764706,95.68821433738425,61.47851012948895
CVC-ClinicDB,test,9.png,384,288,12.877061631944445,1,2.5428571428571427,86.08964482060185,64.20616634487256
CVC-ClinicDB,test,90.png,384,288,4.609736689814815,1,0.9080459770114943,97.24794741030092,63.13379869364516
CVC-ClinicDB,test,91.png,384,288,4.293258101851852,1,0.9166666666666666,94.92505787037037,61.90470147933429
CVC-ClinicDB,test,92.png,384,288,3.5780164930555554,1,0.7682926829268293,86.59331597222223,60.615186969743924
CVC-ClinicDB,test,93.png,384,288,3.537326388888889,1,0.7875,105.9982277199074,70.0255537365646
CVC-ClinicDB,test,94.png,384,288,4.012044270833334,1,0.7096774193548387,96.2774070457176,62.05165450841764
CVC-ClinicDB,test,95.png,384,288,4.116030092592593,1,0.7222222222222222,89.70458080150463,55.94886240119027
CVC-ClinicDB,test,96.png,384,288,3.830295138888889,1,0.7529411764705882,94.5143410011574,61.10530176196934
CVC-ClinicDB,test,97.png,384,288,3.056278935185185,1,1.265625,99.23575846354167,64.70094885507643
CVC-ClinicDB,test,98.png,384,288,8.969907407407407,1,1.1523809523809523,100.42419885706019,69.00017118384339
CVC-ClinicDB,test,99.png,384,288,6.604456018518519,1,1.1333333333333333,94.91286892361111,68.93316695789125
